Classification,Year,Period,Period Desc.,Aggregate Level,Is Leaf Code,Trade Flow Code,Trade Flow,Reporter Code,Reporter,Reporter ISO,Partner Code,Partner,Partner ISO,2nd Partner Code,2nd Partner,2nd Partner ISO,Customs Proc. Code,Customs,Mode of Transport Code,Mode of Transport,Commodity Code,Commodity,Qty Unit Code,Qty Unit,Qty,Alt Qty Unit Code,Alt Qty Unit,Alt Qty,Netweight (kg),Gross weight (kg),Trade Value (US$),CIF Trade Value (US$),FOB Trade Value (US$),Flag
H5,2017,2017,2017,0,0,2,Export,8,Albania,ALB,0,World,WLD,,,,,,,,TOTAL,All Commodities,1,No Quantity,0,,,,0,,2301340965,,,0
H5,2018,2018,2018,0,0,2,Export,8,Albania,ALB,0,World,WLD,,,,,,,,TOTAL,All Commodities,1,No Quantity,0,,,,0,,2875859778,,,4
H5,2019,2019,2019,0,0,2,Export,8,Albania,ALB,0,World,WLD,,,,,,,,TOTAL,All Commodities,1,No Quantity,0,,,,0,,2719428708,,,4
H5,2017,2017,2017,0,0,2,Export,12,Algeria,DZA,0,World,WLD,,,,,,,,TOTAL,All Commodities,1,No Quantity,0,,,,0,,35191117416,,,4
H5,2017,2017,2017,0,0,2,Export,20,Andorra,AND,0,World,WLD,,,,,,,,TOTAL,All Commodities,1,No Quantity,0,,,,0,,117965611,,,4
H5,2018,2018,2018,0,0,2,Export,20,Andorra,AND,0,World,WLD,,,,,,,,TOTAL,All Commodities,1,No Quantity,0,,,,0,,129448151,,,4
H5,2018,2018,2018,0,0,2,Export,24,Angola,AGO,0,World,WLD,,,,,,,,TOTAL,All Commodities,1,No Quantity,0,,,,,,42096736310,,,4
H5,2019,2019,2019,0,0,2,Export,24,Angola,AGO,0,World,WLD,,,,,,,,TOTAL,All Commodities,1,No Quantity,0,,,,,,34819240571,,,4
H5,2018,2018,2018,0,0,2,Export,31,Azerbaijan,AZE,0,World,WLD,,,,,,,,TOTAL,All Commodities,1,No Quantity,0,,,,0,,19489068203,,,4
H5,2019,2019,2019,0,0,2,Export,31,Azerbaijan,AZE,0,World,WLD,,,,,,,,TOTAL,All Commodities,1,No Quantity,0,,,,0,,19635202600,,,4
H5,2018,2018,2018,0,0,2,Export,32,Argentina,ARG,0,World,WLD,,,,,,,,TOTAL,All Commodities,1,No Quantity,0,,,,0,,61558357420,,,0
H5,2019,2019,2019,0,0,2,Export,32,Argentina,ARG,0,World,WLD,,,,,,,,TOTAL,All Commodities,1,No Quantity,0,,,,0,,65114127659,,,4
H5,2017,2017,2017,0,0,2,Export,36,Australia,AUS,0,World,WLD,,,,,,,,TOTAL,All Commodities,1,No Quantity,0,,,,0,,2.30537E+11,,,4
H5,2018,2018,2018,0,0,2,Export,36,Australia,AUS,0,World,WLD,,,,,,,,TOTAL,All Commodities,1,No Quantity,0,,,,,,2.52758E+11,,,4
H5,2019,2019,2019,0,0,2,Export,36,Australia,AUS,0,World,WLD,,,,,,,,TOTAL,All Commodities,1,No Quantity,0,,,,,,2.66377E+11,,,4
H5,2017,2017,2017,0,0,2,Export,40,Austria,AUT,0,World,WLD,,,,,,,,TOTAL,All Commodities,1,No Quantity,0,,,,0,,1.59971E+11,,,4
H5,2018,2018,2018,0,0,2,Export,40,Austria,AUT,0,World,WLD,,,,,,,,TOTAL,All Commodities,1,No Quantity,0,,,,0,,1.76992E+11,,,4
H5,2019,2019,2019,0,0,2,Export,40,Austria,AUT,0,World,WLD,,,,,,,,TOTAL,All Commodities,1,No Quantity,0,,,,0,,1.71532E+11,,,4
H5,2017,2017,2017,0,0,2,Export,48,Bahrain,BHR,0,World,WLD,,,,,,,,TOTAL,All Commodities,1,No Quantity,0,,,,0,,12485359226,,,4
H5,2018,2018,2018,0,0,2,Export,48,Bahrain,BHR,0,World,WLD,,,,,,,,TOTAL,All Commodities,1,No Quantity,0,,,,0,,14347737494,,,4
H5,2019,2019,2019,0,0,2,Export,48,Bahrain,BHR,0,World,WLD,,,,,,,,TOTAL,All Commodities,1,No Quantity,0,,,,0,,14167263135,,,4
H5,2017,2017,2017,0,0,2,Export,51,Armenia,ARM,0,World,WLD,,,,,,,,TOTAL,All Commodities,1,No Quantity,0,,,,0,,2144962969,,,4
H5,2018,2018,2018,0,0,2,Export,51,Armenia,ARM,0,World,WLD,,,,,,,,TOTAL,All Commodities,1,No Quantity,0,,,,0,,2383413799,,,4
H5,2019,2019,2019,0,0,2,Export,51,Armenia,ARM,0,World,WLD,,,,,,,,TOTAL,All Commodities,1,No Quantity,0,,,,0,,2618637445,,,4
H5,2019,2019,2019,0,0,2,Export,52,Barbados,BRB,0,World,WLD,,,,,,,,TOTAL,All Commodities,1,No Quantity,0,,,,0,,444085369,,,4
H5,2017,2017,2017,0,0,2,Export,56,Belgium,BEL,0,World,WLD,,,,,,,,TOTAL,All Commodities,1,No Quantity,0,,,,0,,2.96557E+11,,,4
H5,2018,2018,2018,0,0,2,Export,56,Belgium,BEL,0,World,WLD,,,,,,,,TOTAL,All Commodities,1,No Quantity,0,,,,0,,3.23378E+11,,,4
H5,2019,2019,2019,0,0,2,Export,56,Belgium,BEL,0,World,WLD,,,,,,,,TOTAL,All Commodities,1,No Quantity,0,,,,0,,3.11797E+11,,,4
H5,2017,2017,2017,0,0,2,Export,60,Bermuda,BMU,0,World,WLD,,,,,,,,TOTAL,All Commodities,1,No Quantity,0,,,,0,,11742165,,,4
H5,2018,2018,2018,0,0,2,Export,60,Bermuda,BMU,0,World,WLD,,,,,,,,TOTAL,All Commodities,1,No Quantity,0,,,,,,22912424,,,4
H5,2019,2019,2019,0,0,2,Export,60,Bermuda,BMU,0,World,WLD,,,,,,,,TOTAL,All Commodities,1,No Quantity,0,,,,0,,26832552,,,4
H5,2017,2017,2017,0,0,2,Export,68,Bolivia (Plurinational State of),BOL,0,World,WLD,,,,,,,,TOTAL,All Commodities,1,No Quantity,0,,,,0,,8367078520,,,4
H5,2018,2018,2018,0,0,2,Export,68,Bolivia (Plurinational State of),BOL,0,World,WLD,,,,,,,,TOTAL,All Commodities,1,No Quantity,0,,,,0,,9110355630,,,4
H5,2019,2019,2019,0,0,2,Export,68,Bolivia (Plurinational State of),BOL,0,World,WLD,,,,,,,,TOTAL,All Commodities,1,No Quantity,0,,,,,,8933330988,,,4
H5,2017,2017,2017,0,0,2,Export,70,Bosnia Herzegovina,BIH,0,World,WLD,,,,,,,,TOTAL,All Commodities,1,No Quantity,0,,,,0,,6367922271,,,4
H5,2018,2018,2018,0,0,2,Export,70,Bosnia Herzegovina,BIH,0,World,WLD,,,,,,,,TOTAL,All Commodities,1,No Quantity,0,,,,0,,7182096317,,,4
H5,2019,2019,2019,0,0,2,Export,70,Bosnia Herzegovina,BIH,0,World,WLD,,,,,,,,TOTAL,All Commodities,1,No Quantity,0,,,,0,,6578243902,,,4
H5,2018,2018,2018,0,0,2,Export,72,Botswana,BWA,0,World,WLD,,,,,,,,TOTAL,All Commodities,1,No Quantity,0,,,,0,,6590146822,,,4
H5,2019,2019,2019,0,0,2,Export,72,Botswana,BWA,0,World,WLD,,,,,,,,TOTAL,All Commodities,1,No Quantity,0,,,,0,,5254253928,,,4
H5,2017,2017,2017,0,0,2,Export,76,Brazil,BRA,0,World,WLD,,,,,,,,TOTAL,All Commodities,1,No Quantity,0,,,,0,,2.14988E+11,,,4
H5,2018,2018,2018,0,0,2,Export,76,Brazil,BRA,0,World,WLD,,,,,,,,TOTAL,All Commodities,1,No Quantity,0,,,,0,,2.3189E+11,,,4
H5,2019,2019,2019,0,0,2,Export,76,Brazil,BRA,0,World,WLD,,,,,,,,TOTAL,All Commodities,1,No Quantity,0,,,,0,,2.21127E+11,,,4
H5,2018,2018,2018,0,0,2,Export,84,Belize,BLZ,0,World,WLD,,,,,,,,TOTAL,All Commodities,1,No Quantity,0,,,,0,,240911158,,,0
H5,2019,2019,2019,0,0,2,Export,84,Belize,BLZ,0,World,WLD,,,,,,,,TOTAL,All Commodities,1,No Quantity,0,,,,0,,244908836,,,0
H5,2017,2017,2017,0,0,2,Export,96,Brunei Darussalam,BRN,0,World,WLD,,,,,,,,TOTAL,All Commodities,1,No Quantity,0,,,,,,5570575213,,,4
H5,2018,2018,2018,0,0,2,Export,96,Brunei Darussalam,BRN,0,World,WLD,,,,,,,,TOTAL,All Commodities,1,No Quantity,0,,,,0,,6573636942,,,4
H5,2019,2019,2019,0,0,2,Export,96,Brunei Darussalam,BRN,0,World,WLD,,,,,,,,TOTAL,All Commodities,1,No Quantity,0,,,,,,7039083085,,,4
H5,2017,2017,2017,0,0,2,Export,100,Bulgaria,BGR,0,World,WLD,,,,,,,,TOTAL,All Commodities,1,No Quantity,0,,,,,,31588418276,,,4
H5,2018,2018,2018,0,0,2,Export,100,Bulgaria,BGR,0,World,WLD,,,,,,,,TOTAL,All Commodities,1,No Quantity,0,,,,,,33787143989,,,4
H5,2019,2019,2019,0,0,2,Export,100,Bulgaria,BGR,0,World,WLD,,,,,,,,TOTAL,All Commodities,1,No Quantity,0,,,,,,33454448049,,,4
H5,2017,2017,2017,0,0,2,Export,104,Myanmar,MMR,0,World,WLD,,,,,,,,TOTAL,All Commodities,1,No Quantity,0,,,,,,13878764485,,,4
H5,2018,2018,2018,0,0,2,Export,104,Myanmar,MMR,0,World,WLD,,,,,,,,TOTAL,All Commodities,1,No Quantity,0,,,,,,16694858193,,,4
H5,2019,2019,2019,0,0,2,Export,104,Myanmar,MMR,0,World,WLD,,,,,,,,TOTAL,All Commodities,1,No Quantity,0,,,,,,18105885851,,,4
H5,2019,2019,2019,0,0,2,Export,108,Burundi,BDI,0,World,WLD,,,,,,,,TOTAL,All Commodities,1,No Quantity,0,,,,0,,180717200,,,4
H5,2017,2017,2017,0,0,2,Export,112,Belarus,BLR,0,World,WLD,,,,,,,,TOTAL,All Commodities,1,No Quantity,0,,,,0,,29239993900,,,4
H5,2018,2018,2018,0,0,2,Export,112,Belarus,BLR,0,World,WLD,,,,,,,,TOTAL,All Commodities,1,No Quantity,0,,,,0,,33726141400,,,4
H5,2019,2019,2019,0,0,2,Export,112,Belarus,BLR,0,World,WLD,,,,,,,,TOTAL,All Commodities,1,No Quantity,0,,,,0,,32955122400,,,4
H5,2017,2017,2017,0,0,2,Export,116,Cambodia,KHM,0,World,WLD,,,,,,,,TOTAL,All Commodities,1,No Quantity,0,,,,,,11278127964,,,4
H5,2018,2018,2018,0,0,2,Export,116,Cambodia,KHM,0,World,WLD,,,,,,,,TOTAL,All Commodities,1,No Quantity,0,,,,0,,12700279675,,,4
H5,2019,2019,2019,0,0,2,Export,116,Cambodia,KHM,0,World,WLD,,,,,,,,TOTAL,All Commodities,1,No Quantity,0,,,,0,,14824722293,,,4
H5,2017,2017,2017,0,0,2,Export,124,Canada,CAN,0,World,WLD,,,,,,,,TOTAL,All Commodities,1,No Quantity,0,,,,,,4.20074E+11,,,0
H5,2018,2018,2018,0,0,2,Export,124,Canada,CAN,0,World,WLD,,,,,,,,TOTAL,All Commodities,1,No Quantity,0,,,,,,4.50392E+11,,,0
H5,2019,2019,2019,0,0,2,Export,124,Canada,CAN,0,World,WLD,,,,,,,,TOTAL,All Commodities,1,No Quantity,0,,,,,,4.45493E+11,,,0
H5,2019,2019,2019,0,0,2,Export,132,Cabo Verde,CPV,0,World,WLD,,,,,,,,TOTAL,All Commodities,1,No Quantity,0,,,,0,,61879312,,,0
H5,2017,2017,2017,0,0,2,Export,144,Sri Lanka,LKA,0,World,WLD,,,,,,,,TOTAL,All Commodities,1,No Quantity,0,,,,,,11741036786,,,4
H5,2019,2019,2019,0,0,2,Export,144,Sri Lanka,LKA,0,World,WLD,,,,,,,,TOTAL,All Commodities,1,No Quantity,0,,,,,,11974156365,,,4
H5,2017,2017,2017,0,0,2,Export,152,Chile,CHL,0,World,WLD,,,,,,,,TOTAL,All Commodities,1,No Quantity,0,,,,0,,68903578704,,,4
H5,2018,2018,2018,0,0,2,Export,152,Chile,CHL,0,World,WLD,,,,,,,,TOTAL,All Commodities,1,No Quantity,0,,,,0,,74837981347,,,4
H5,2019,2019,2019,0,0,2,Export,152,Chile,CHL,0,World,WLD,,,,,,,,TOTAL,All Commodities,1,No Quantity,0,,,,,,68792008183,,,0
H5,2017,2017,2017,0,0,2,Export,156,China,CHN,0,World,WLD,,,,,,,,TOTAL,All Commodities,1,No Quantity,0,,,,,,2.26337E+12,,,4
H5,2018,2018,2018,0,0,2,Export,156,China,CHN,0,World,WLD,,,,,,,,TOTAL,All Commodities,1,No Quantity,0,,,,0,,2.48644E+12,,,4
H5,2019,2019,2019,0,0,2,Export,156,China,CHN,0,World,WLD,,,,,,,,TOTAL,All Commodities,1,No Quantity,0,,,,0,,2.49921E+12,,,4
H5,2017,2017,2017,0,0,2,Export,170,Colombia,COL,0,World,WLD,,,,,,,,TOTAL,All Commodities,1,No Quantity,0,,,,0,,37766321060,,,4
H5,2018,2018,2018,0,0,2,Export,170,Colombia,COL,0,World,WLD,,,,,,,,TOTAL,All Commodities,1,No Quantity,0,,,,0,,41831520220,,,4
H5,2019,2019,2019,0,0,2,Export,170,Colombia,COL,0,World,WLD,,,,,,,,TOTAL,All Commodities,1,No Quantity,0,,,,0,,39489359461,,,4
H5,2018,2018,2018,0,0,2,Export,174,Comoros,COM,0,World,WLD,,,,,,,,TOTAL,All Commodities,1,No Quantity,0,,,,0,,46214060,,,4
H5,2019,2019,2019,0,0,2,Export,174,Comoros,COM,0,World,WLD,,,,,,,,TOTAL,All Commodities,1,No Quantity,0,,,,0,,49024220,,,4
H5,2018,2018,2018,0,0,2,Export,178,Congo,COG,0,World,WLD,,,,,,,,TOTAL,All Commodities,1,No Quantity,0,,,,,,11155029324,,,4
H5,2019,2019,2019,0,0,2,Export,178,Congo,COG,0,World,WLD,,,,,,,,TOTAL,All Commodities,1,No Quantity,0,,,,,,5575942320,,,4
H5,2017,2017,2017,0,0,2,Export,188,Costa Rica,CRI,0,World,WLD,,,,,,,,TOTAL,All Commodities,1,No Quantity,0,,,,0,,11296640428,,,4
H5,2018,2018,2018,0,0,2,Export,188,Costa Rica,CRI,0,World,WLD,,,,,,,,TOTAL,All Commodities,1,No Quantity,0,,,,0,,11251781448,,,4
H5,2019,2019,2019,0,0,2,Export,188,Costa Rica,CRI,0,World,WLD,,,,,,,,TOTAL,All Commodities,1,No Quantity,0,,,,0,,11451993076,,,4
H5,2017,2017,2017,0,0,2,Export,191,Croatia,HRV,0,World,WLD,,,,,,,,TOTAL,All Commodities,1,No Quantity,0,,,,,,15732485216,,,4
H5,2018,2018,2018,0,0,2,Export,191,Croatia,HRV,0,World,WLD,,,,,,,,TOTAL,All Commodities,1,No Quantity,0,,,,0,,17210469290,,,4
H5,2019,2019,2019,0,0,2,Export,191,Croatia,HRV,0,World,WLD,,,,,,,,TOTAL,All Commodities,1,No Quantity,0,,,,0,,17063049815,,,4
H5,2017,2017,2017,0,0,2,Export,196,Cyprus,CYP,0,World,WLD,,,,,,,,TOTAL,All Commodities,1,No Quantity,0,,,,0,,3360808639,,,4
H5,2018,2018,2018,0,0,2,Export,196,Cyprus,CYP,0,World,WLD,,,,,,,,TOTAL,All Commodities,1,No Quantity,0,,,,0,,5064927294,,,4
H5,2019,2019,2019,0,0,2,Export,196,Cyprus,CYP,0,World,WLD,,,,,,,,TOTAL,All Commodities,1,No Quantity,0,,,,0,,3520898851,,,4
H5,2017,2017,2017,0,0,2,Export,203,Czechia,CZE,0,World,WLD,,,,,,,,TOTAL,All Commodities,1,No Quantity,0,,,,,,1.82231E+11,,,4
H5,2018,2018,2018,0,0,2,Export,203,Czechia,CZE,0,World,WLD,,,,,,,,TOTAL,All Commodities,1,No Quantity,0,,,,,,2.02522E+11,,,4
H5,2019,2019,2019,0,0,2,Export,203,Czechia,CZE,0,World,WLD,,,,,,,,TOTAL,All Commodities,1,No Quantity,0,,,,,,1.9947E+11,,,4
H5,2019,2019,2019,0,0,2,Export,204,Benin,BEN,0,World,WLD,,,,,,,,TOTAL,All Commodities,1,No Quantity,0,,,,0,,850663575,,,4
H5,2017,2017,2017,0,0,2,Export,208,Denmark,DNK,0,World,WLD,,,,,,,,TOTAL,All Commodities,1,No Quantity,0,,,,0,,1.01434E+11,,,4
H5,2018,2018,2018,0,0,2,Export,208,Denmark,DNK,0,World,WLD,,,,,,,,TOTAL,All Commodities,1,No Quantity,0,,,,0,,1.08521E+11,,,4
H5,2019,2019,2019,0,0,2,Export,208,Denmark,DNK,0,World,WLD,,,,,,,,TOTAL,All Commodities,1,No Quantity,0,,,,0,,1.09879E+11,,,4
H5,2017,2017,2017,0,0,2,Export,214,Dominican Rep.,DOM,0,World,WLD,,,,,,,,TOTAL,All Commodities,1,No Quantity,0,,,,0,,10224658400,,,4
H5,2018,2018,2018,0,0,2,Export,214,Dominican Rep.,DOM,0,World,WLD,,,,,,,,TOTAL,All Commodities,1,No Quantity,0,,,,0,,10758011760,,,4
H5,2019,2019,2019,0,0,2,Export,214,Dominican Rep.,DOM,0,World,WLD,,,,,,,,TOTAL,All Commodities,1,No Quantity,0,,,,,,11287199331,,,4
H5,2017,2017,2017,0,0,2,Export,218,Ecuador,ECU,0,World,WLD,,,,,,,,TOTAL,All Commodities,1,No Quantity,0,,,,0,,19092352242,,,4
H5,2018,2018,2018,0,0,2,Export,218,Ecuador,ECU,0,World,WLD,,,,,,,,TOTAL,All Commodities,1,No Quantity,0,,,,0,,21651955550,,,4
H5,2019,2019,2019,0,0,2,Export,218,Ecuador,ECU,0,World,WLD,,,,,,,,TOTAL,All Commodities,1,No Quantity,0,,,,0,,22329378718,,,4
H5,2017,2017,2017,0,0,2,Export,222,El Salvador,SLV,0,World,WLD,,,,,,,,TOTAL,All Commodities,1,No Quantity,0,,,,0,,5760015207,,,4
H5,2018,2018,2018,0,0,2,Export,222,El Salvador,SLV,0,World,WLD,,,,,,,,TOTAL,All Commodities,1,No Quantity,0,,,,0,,5905411210,,,4
H5,2019,2019,2019,0,0,2,Export,222,El Salvador,SLV,0,World,WLD,,,,,,,,TOTAL,All Commodities,1,No Quantity,0,,,,0,,5904956423,,,4
H5,2019,2019,2019,0,0,2,Export,231,Ethiopia,ETH,0,World,WLD,,,,,,,,TOTAL,All Commodities,1,No Quantity,0,,,,0,,2683752373,,,4
H5,2017,2017,2017,0,0,2,Export,233,Estonia,EST,0,World,WLD,,,,,,,,TOTAL,All Commodities,1,No Quantity,0,,,,,,15387735462,,,4
H5,2018,2018,2018,0,0,2,Export,233,Estonia,EST,0,World,WLD,,,,,,,,TOTAL,All Commodities,1,No Quantity,0,,,,0,,17851477710,,,4
H5,2019,2019,2019,0,0,2,Export,233,Estonia,EST,0,World,WLD,,,,,,,,TOTAL,All Commodities,1,No Quantity,0,,,,,,16807408470,,,4
H5,2017,2017,2017,0,0,2,Export,242,Fiji,FJI,0,World,WLD,,,,,,,,TOTAL,All Commodities,1,No Quantity,0,,,,0,,1036149194,,,4
H5,2018,2018,2018,0,0,2,Export,242,Fiji,FJI,0,World,WLD,,,,,,,,TOTAL,All Commodities,1,No Quantity,0,,,,,,1006818442,,,4
H5,2019,2019,2019,0,0,2,Export,242,Fiji,FJI,0,World,WLD,,,,,,,,TOTAL,All Commodities,1,No Quantity,0,,,,0,,965150137,,,4
H5,2017,2017,2017,0,0,2,Export,246,Finland,FIN,0,World,WLD,,,,,,,,TOTAL,All Commodities,1,No Quantity,0,,,,,,67280640848,,,4
H5,2018,2018,2018,0,0,2,Export,246,Finland,FIN,0,World,WLD,,,,,,,,TOTAL,All Commodities,1,No Quantity,0,,,,,,75258290459,,,4
H5,2019,2019,2019,0,0,2,Export,246,Finland,FIN,0,World,WLD,,,,,,,,TOTAL,All Commodities,1,No Quantity,0,,,,0,,72839176013,,,4
H5,2017,2017,2017,0,0,2,Export,251,France,FRA,0,World,WLD,,,,,,,,TOTAL,All Commodities,1,No Quantity,0,,,,,,5.23385E+11,,,4
H5,2018,2018,2018,0,0,2,Export,251,France,FRA,0,World,WLD,,,,,,,,TOTAL,All Commodities,1,No Quantity,0,,,,,,5.68536E+11,,,4
H5,2019,2019,2019,0,0,2,Export,251,France,FRA,0,World,WLD,,,,,,,,TOTAL,All Commodities,1,No Quantity,0,,,,,,5.56364E+11,,,4
H5,2019,2019,2019,0,0,2,Export,258,French Polynesia,PYF,0,World,WLD,,,,,,,,TOTAL,All Commodities,1,No Quantity,0,,,,,,142134445,,,4
H5,2017,2017,2017,0,0,2,Export,268,Georgia,GEO,0,World,WLD,,,,,,,,TOTAL,All Commodities,1,No Quantity,0,,,,,,2745659259,,,0
H5,2018,2018,2018,0,0,2,Export,268,Georgia,GEO,0,World,WLD,,,,,,,,TOTAL,All Commodities,1,No Quantity,0,,,,,,3379712837,,,0
H5,2019,2019,2019,0,0,2,Export,268,Georgia,GEO,0,World,WLD,,,,,,,,TOTAL,All Commodities,1,No Quantity,0,,,,,,3798330237,,,0
H5,2017,2017,2017,0,0,2,Export,276,Germany,DEU,0,World,WLD,,,,,,,,TOTAL,All Commodities,1,No Quantity,0,,,,0,,1.44664E+12,,,4
H5,2018,2018,2018,0,0,2,Export,276,Germany,DEU,0,World,WLD,,,,,,,,TOTAL,All Commodities,1,No Quantity,0,,,,,,1.56242E+12,,,4
H5,2019,2019,2019,0,0,2,Export,276,Germany,DEU,0,World,WLD,,,,,,,,TOTAL,All Commodities,1,No Quantity,0,,,,,,1.49327E+12,,,4
H5,2018,2018,2018,0,0,2,Export,288,Ghana,GHA,0,World,WLD,,,,,,,,TOTAL,All Commodities,1,No Quantity,0,,,,0,,17099588399,,,4
H5,2019,2019,2019,0,0,2,Export,288,Ghana,GHA,0,World,WLD,,,,,,,,TOTAL,All Commodities,1,No Quantity,0,,,,0,,16768275189,,,4
H5,2017,2017,2017,0,0,2,Export,300,Greece,GRC,0,World,WLD,,,,,,,,TOTAL,All Commodities,1,No Quantity,0,,,,,,32154816405,,,4
H5,2018,2018,2018,0,0,2,Export,300,Greece,GRC,0,World,WLD,,,,,,,,TOTAL,All Commodities,1,No Quantity,0,,,,0,,39490521437,,,4
H5,2019,2019,2019,0,0,2,Export,300,Greece,GRC,0,World,WLD,,,,,,,,TOTAL,All Commodities,1,No Quantity,0,,,,0,,37885526504,,,4
H5,2017,2017,2017,0,0,2,Export,304,Greenland,GRL,0,World,WLD,,,,,,,,TOTAL,All Commodities,1,No Quantity,0,,,,,,595837190,,,4
H5,2018,2018,2018,0,0,2,Export,304,Greenland,GRL,0,World,WLD,,,,,,,,TOTAL,All Commodities,1,No Quantity,0,,,,0,,640897343,,,4
H5,2017,2017,2017,0,0,2,Export,320,Guatemala,GTM,0,World,WLD,,,,,,,,TOTAL,All Commodities,1,No Quantity,0,,,,0,,11011391397,,,4
H5,2018,2018,2018,0,0,2,Export,320,Guatemala,GTM,0,World,WLD,,,,,,,,TOTAL,All Commodities,1,No Quantity,0,,,,0,,10863483936,,,4
H5,2019,2019,2019,0,0,2,Export,320,Guatemala,GTM,0,World,WLD,,,,,,,,TOTAL,All Commodities,1,No Quantity,0,,,,0,,11289176124,,,4
H5,2019,2019,2019,0,0,2,Export,328,Guyana,GUY,0,World,WLD,,,,,,,,TOTAL,All Commodities,1,No Quantity,0,,,,,,1565723059,,,4
H5,2017,2017,2017,0,0,2,Export,340,Honduras,HND,0,World,WLD,,,,,,,,TOTAL,All Commodities,1,No Quantity,0,,,,0,,4970144395,,,4
H5,2018,2018,2018,0,0,2,Export,340,Honduras,HND,0,World,WLD,,,,,,,,TOTAL,All Commodities,1,No Quantity,0,,,,0,,4486630182,,,4
H5,2019,2019,2019,0,0,2,Export,340,Honduras,HND,0,World,WLD,,,,,,,,TOTAL,All Commodities,1,No Quantity,0,,,,0,,3091163099,,,4
H5,2017,2017,2017,0,0,2,Export,344,"China, Hong Kong SAR",HKG,0,World,WLD,,,,,,,,TOTAL,All Commodities,1,No Quantity,0,,,,0,,5.49861E+11,,,4
H5,2018,2018,2018,0,0,2,Export,344,"China, Hong Kong SAR",HKG,0,World,WLD,,,,,,,,TOTAL,All Commodities,1,No Quantity,0,,,,0,,5.69106E+11,,,4
H5,2019,2019,2019,0,0,2,Export,344,"China, Hong Kong SAR",HKG,0,World,WLD,,,,,,,,TOTAL,All Commodities,1,No Quantity,0,,,,0,,5.35711E+11,,,4
H5,2017,2017,2017,0,0,2,Export,348,Hungary,HUN,0,World,WLD,,,,,,,,TOTAL,All Commodities,1,No Quantity,0,,,,,,1.13382E+11,,,4
H5,2018,2018,2018,0,0,2,Export,348,Hungary,HUN,0,World,WLD,,,,,,,,TOTAL,All Commodities,1,No Quantity,0,,,,,,1.23958E+11,,,4
H5,2019,2019,2019,0,0,2,Export,348,Hungary,HUN,0,World,WLD,,,,,,,,TOTAL,All Commodities,1,No Quantity,0,,,,0,,1.22181E+11,,,4
H5,2017,2017,2017,0,0,2,Export,352,Iceland,ISL,0,World,WLD,,,,,,,,TOTAL,All Commodities,1,No Quantity,0,,,,0,,4882605885,,,4
H5,2018,2018,2018,0,0,2,Export,352,Iceland,ISL,0,World,WLD,,,,,,,,TOTAL,All Commodities,1,No Quantity,0,,,,0,,5561475841,,,4
H5,2019,2019,2019,0,0,2,Export,352,Iceland,ISL,0,World,WLD,,,,,,,,TOTAL,All Commodities,1,No Quantity,0,,,,0,,5228360516,,,4
H5,2017,2017,2017,0,0,2,Export,360,Indonesia,IDN,0,World,WLD,,,,,,,,TOTAL,All Commodities,1,No Quantity,0,,,,0,,1.68828E+11,,,4
H5,2018,2018,2018,0,0,2,Export,360,Indonesia,IDN,0,World,WLD,,,,,,,,TOTAL,All Commodities,1,No Quantity,0,,,,0,,1.80215E+11,,,4
H5,2019,2019,2019,0,0,2,Export,360,Indonesia,IDN,0,World,WLD,,,,,,,,TOTAL,All Commodities,1,No Quantity,0,,,,0,,1.67683E+11,,,4
H5,2017,2017,2017,0,0,2,Export,364,Iran,IRN,0,World,WLD,,,,,,,,TOTAL,All Commodities,1,No Quantity,0,,,,0,,1.05844E+11,,,4
H5,2018,2018,2018,0,0,2,Export,364,Iran,IRN,0,World,WLD,,,,,,,,TOTAL,All Commodities,1,No Quantity,0,,,,0,,96617521276,,,4
H5,2017,2017,2017,0,0,2,Export,372,Ireland,IRL,0,World,WLD,,,,,,,,TOTAL,All Commodities,1,No Quantity,0,,,,0,,1.38707E+11,,,4
H5,2018,2018,2018,0,0,2,Export,372,Ireland,IRL,0,World,WLD,,,,,,,,TOTAL,All Commodities,1,No Quantity,0,,,,0,,1.66095E+11,,,4
H5,2019,2019,2019,0,0,2,Export,372,Ireland,IRL,0,World,WLD,,,,,,,,TOTAL,All Commodities,1,No Quantity,0,,,,0,,1.70758E+11,,,4
H5,2017,2017,2017,0,0,2,Export,376,Israel,ISR,0,World,WLD,,,,,,,,TOTAL,All Commodities,1,No Quantity,0,,,,,,61150141000,,,4
H5,2018,2018,2018,0,0,2,Export,376,Israel,ISR,0,World,WLD,,,,,,,,TOTAL,All Commodities,1,No Quantity,0,,,,,,61906412000,,,4
H5,2019,2019,2019,0,0,2,Export,376,Israel,ISR,0,World,WLD,,,,,,,,TOTAL,All Commodities,1,No Quantity,0,,,,,,58488466000,,,4
H5,2017,2017,2017,0,0,2,Export,381,Italy,ITA,0,World,WLD,,,,,,,,TOTAL,All Commodities,1,No Quantity,0,,,,0,,5.0743E+11,,,4
H5,2018,2018,2018,0,0,2,Export,381,Italy,ITA,0,World,WLD,,,,,,,,TOTAL,All Commodities,1,No Quantity,0,,,,0,,5.49907E+11,,,4
H5,2019,2019,2019,0,0,2,Export,381,Italy,ITA,0,World,WLD,,,,,,,,TOTAL,All Commodities,1,No Quantity,0,,,,0,,5.37748E+11,,,4
H5,2018,2018,2018,0,0,2,Export,384,Côte d'Ivoire,CIV,0,World,WLD,,,,,,,,TOTAL,All Commodities,1,No Quantity,0,,,,0,,11820908494,,,4
H5,2019,2019,2019,0,0,2,Export,384,Côte d'Ivoire,CIV,0,World,WLD,,,,,,,,TOTAL,All Commodities,1,No Quantity,0,,,,0,,12717851545,,,4
H5,2018,2018,2018,0,0,2,Export,388,Jamaica,JAM,0,World,WLD,,,,,,,,TOTAL,All Commodities,1,No Quantity,0,,,,0,,1960739706,,,4
H5,2019,2019,2019,0,0,2,Export,388,Jamaica,JAM,0,World,WLD,,,,,,,,TOTAL,All Commodities,1,No Quantity,0,,,,0,,1651161084,,,4
H5,2017,2017,2017,0,0,2,Export,392,Japan,JPN,0,World,WLD,,,,,,,,TOTAL,All Commodities,1,No Quantity,0,,,,0,,6.98131E+11,,,4
H5,2018,2018,2018,0,0,2,Export,392,Japan,JPN,0,World,WLD,,,,,,,,TOTAL,All Commodities,1,No Quantity,0,,,,0,,7.38195E+11,,,4
H5,2019,2019,2019,0,0,2,Export,392,Japan,JPN,0,World,WLD,,,,,,,,TOTAL,All Commodities,1,No Quantity,0,,,,0,,7.05671E+11,,,4
H5,2017,2017,2017,0,0,2,Export,398,Kazakhstan,KAZ,0,World,WLD,,,,,,,,TOTAL,All Commodities,1,No Quantity,0,,,,0,,48502738958,,,4
H5,2018,2018,2018,0,0,2,Export,398,Kazakhstan,KAZ,0,World,WLD,,,,,,,,TOTAL,All Commodities,1,No Quantity,0,,,,0,,61109053214,,,4
H5,2019,2019,2019,0,0,2,Export,398,Kazakhstan,KAZ,0,World,WLD,,,,,,,,TOTAL,All Commodities,1,No Quantity,0,,,,0,,57722940896,,,4
H5,2017,2017,2017,0,0,2,Export,400,Jordan,JOR,0,World,WLD,,,,,,,,TOTAL,All Commodities,1,No Quantity,0,,,,,,7469238450,,,4
H5,2018,2018,2018,0,0,2,Export,400,Jordan,JOR,0,World,WLD,,,,,,,,TOTAL,All Commodities,1,No Quantity,0,,,,0,,7750262862,,,4
H5,2019,2019,2019,0,0,2,Export,400,Jordan,JOR,0,World,WLD,,,,,,,,TOTAL,All Commodities,1,No Quantity,0,,,,0,,8312916561,,,4
H5,2019,2019,2019,0,0,2,Export,404,Kenya,KEN,0,World,WLD,,,,,,,,TOTAL,All Commodities,1,No Quantity,0,,,,0,,5836255973,,,4
H5,2017,2017,2017,0,0,2,Export,410,Rep. of Korea,KOR,0,World,WLD,,,,,,,,TOTAL,All Commodities,1,No Quantity,0,,,,0,,5.73627E+11,,,4
H5,2018,2018,2018,0,0,2,Export,410,Rep. of Korea,KOR,0,World,WLD,,,,,,,,TOTAL,All Commodities,1,No Quantity,0,,,,0,,6.04807E+11,,,4
H5,2019,2019,2019,0,0,2,Export,410,Rep. of Korea,KOR,0,World,WLD,,,,,,,,TOTAL,All Commodities,1,No Quantity,0,,,,0,,5.42172E+11,,,4
H5,2017,2017,2017,0,0,2,Export,414,Kuwait,KWT,0,World,WLD,,,,,,,,TOTAL,All Commodities,1,No Quantity,0,,,,0,,54991871282,,,4
H5,2018,2018,2018,0,0,2,Export,414,Kuwait,KWT,0,World,WLD,,,,,,,,TOTAL,All Commodities,1,No Quantity,0,,,,0,,71941444555,,,4
H5,2019,2019,2019,0,0,2,Export,414,Kuwait,KWT,0,World,WLD,,,,,,,,TOTAL,All Commodities,1,No Quantity,0,,,,0,,64482096620,,,4
H5,2017,2017,2017,0,0,2,Export,417,Kyrgyzstan,KGZ,0,World,WLD,,,,,,,,TOTAL,All Commodities,1,No Quantity,0,,,,,,1757463670,,,4
H5,2018,2018,2018,0,0,2,Export,417,Kyrgyzstan,KGZ,0,World,WLD,,,,,,,,TOTAL,All Commodities,1,No Quantity,0,,,,,,1835179371,,,4
H5,2019,2019,2019,0,0,2,Export,417,Kyrgyzstan,KGZ,0,World,WLD,,,,,,,,TOTAL,All Commodities,1,No Quantity,0,,,,,,1986109552,,,4
H5,2017,2017,2017,0,0,2,Export,418,Lao People's Dem. Rep.,LAO,0,World,WLD,,,,,,,,TOTAL,All Commodities,1,No Quantity,0,,,,,,4909733654,,,4
H5,2018,2018,2018,0,0,2,Export,418,Lao People's Dem. Rep.,LAO,0,World,WLD,,,,,,,,TOTAL,All Commodities,1,No Quantity,0,,,,0,,5814806369,,,4
H5,2019,2019,2019,0,0,2,Export,418,Lao People's Dem. Rep.,LAO,0,World,WLD,,,,,,,,TOTAL,All Commodities,1,No Quantity,0,,,,,,5809346160,,,4
H5,2017,2017,2017,0,0,2,Export,422,Lebanon,LBN,0,World,WLD,,,,,,,,TOTAL,All Commodities,1,No Quantity,0,,,,0,,2844446138,,,4
H5,2018,2018,2018,0,0,2,Export,422,Lebanon,LBN,0,World,WLD,,,,,,,,TOTAL,All Commodities,1,No Quantity,0,,,,0,,2952759932,,,4
H5,2019,2019,2019,0,0,2,Export,422,Lebanon,LBN,0,World,WLD,,,,,,,,TOTAL,All Commodities,1,No Quantity,0,,,,0,,3731340090,,,4
H5,2017,2017,2017,0,0,2,Export,426,Lesotho,LSO,0,World,WLD,,,,,,,,TOTAL,All Commodities,1,No Quantity,0,,,,0,,673150837,,,4
H5,2017,2017,2017,0,0,2,Export,428,Latvia,LVA,0,World,WLD,,,,,,,,TOTAL,All Commodities,1,No Quantity,0,,,,,,13189947231,,,4
H5,2018,2018,2018,0,0,2,Export,428,Latvia,LVA,0,World,WLD,,,,,,,,TOTAL,All Commodities,1,No Quantity,0,,,,,,15064999864,,,4
H5,2019,2019,2019,0,0,2,Export,428,Latvia,LVA,0,World,WLD,,,,,,,,TOTAL,All Commodities,1,No Quantity,0,,,,,,14447101696,,,4
H5,2019,2019,2019,0,0,2,Export,434,Libya,LBY,0,World,WLD,,,,,,,,TOTAL,All Commodities,1,No Quantity,0,,,,0,,29285909087,,,4
H5,2017,2017,2017,0,0,2,Export,440,Lithuania,LTU,0,World,WLD,,,,,,,,TOTAL,All Commodities,1,No Quantity,0,,,,0,,29349549370,,,4
H5,2018,2018,2018,0,0,2,Export,440,Lithuania,LTU,0,World,WLD,,,,,,,,TOTAL,All Commodities,1,No Quantity,0,,,,0,,33334576736,,,4
H5,2019,2019,2019,0,0,2,Export,440,Lithuania,LTU,0,World,WLD,,,,,,,,TOTAL,All Commodities,1,No Quantity,0,,,,0,,33150771896,,,4
H5,2017,2017,2017,0,0,2,Export,442,Luxembourg,LUX,0,World,WLD,,,,,,,,TOTAL,All Commodities,1,No Quantity,0,,,,0,,11517510520,,,4
H5,2018,2018,2018,0,0,2,Export,442,Luxembourg,LUX,0,World,WLD,,,,,,,,TOTAL,All Commodities,1,No Quantity,0,,,,,,15148367371,,,4
H5,2019,2019,2019,0,0,2,Export,442,Luxembourg,LUX,0,World,WLD,,,,,,,,TOTAL,All Commodities,1,No Quantity,0,,,,,,14667446910,,,4
H5,2017,2017,2017,0,0,2,Export,446,"China, Macao SAR",MAC,0,World,WLD,,,,,,,,TOTAL,All Commodities,1,No Quantity,0,,,,0,,996665232,,,4
H5,2018,2018,2018,0,0,2,Export,446,"China, Macao SAR",MAC,0,World,WLD,,,,,,,,TOTAL,All Commodities,1,No Quantity,0,,,,0,,1156591871,,,4
H5,2019,2019,2019,0,0,2,Export,446,"China, Macao SAR",MAC,0,World,WLD,,,,,,,,TOTAL,All Commodities,1,No Quantity,0,,,,0,,1023983031,,,4
H5,2017,2017,2017,0,0,2,Export,450,Madagascar,MDG,0,World,WLD,,,,,,,,TOTAL,All Commodities,1,No Quantity,0,,,,,,2851663745,,,4
H5,2018,2018,2018,0,0,2,Export,450,Madagascar,MDG,0,World,WLD,,,,,,,,TOTAL,All Commodities,1,No Quantity,0,,,,0,,3133017751,,,4
H5,2019,2019,2019,0,0,2,Export,450,Madagascar,MDG,0,World,WLD,,,,,,,,TOTAL,All Commodities,1,No Quantity,0,,,,,,2688948366,,,4
H5,2019,2019,2019,0,0,2,Export,454,Malawi,MWI,0,World,WLD,,,,,,,,TOTAL,All Commodities,1,No Quantity,0,,,,0,,912832375,,,4
H5,2017,2017,2017,0,0,2,Export,458,Malaysia,MYS,0,World,WLD,,,,,,,,TOTAL,All Commodities,1,No Quantity,0,,,,,,2.17723E+11,,,4
H5,2018,2018,2018,0,0,2,Export,458,Malaysia,MYS,0,World,WLD,,,,,,,,TOTAL,All Commodities,1,No Quantity,0,,,,,,2.48712E+11,,,4
H5,2019,2019,2019,0,0,2,Export,458,Malaysia,MYS,0,World,WLD,,,,,,,,TOTAL,All Commodities,1,No Quantity,0,,,,,,2.40212E+11,,,4
H5,2017,2017,2017,0,0,2,Export,462,Maldives,MDV,0,World,WLD,,,,,,,,TOTAL,All Commodities,1,No Quantity,0,,,,0,,199345279,,,4
H5,2018,2018,2018,0,0,2,Export,462,Maldives,MDV,0,World,WLD,,,,,,,,TOTAL,All Commodities,1,No Quantity,0,,,,0,,181711401,,,4
H5,2019,2019,2019,0,0,2,Export,462,Maldives,MDV,0,World,WLD,,,,,,,,TOTAL,All Commodities,1,No Quantity,0,,,,0,,158015478,,,4
H5,2018,2018,2018,0,0,2,Export,466,Mali,MLI,0,World,WLD,,,,,,,,TOTAL,All Commodities,1,No Quantity,0,,,,0,,3633806900,,,4
H5,2019,2019,2019,0,0,2,Export,466,Mali,MLI,0,World,WLD,,,,,,,,TOTAL,All Commodities,1,No Quantity,0,,,,0,,3643236512,,,4
H5,2017,2017,2017,0,0,2,Export,470,Malta,MLT,0,World,WLD,,,,,,,,TOTAL,All Commodities,1,No Quantity,0,,,,,,4077731851,,,4
H5,2018,2018,2018,0,0,2,Export,470,Malta,MLT,0,World,WLD,,,,,,,,TOTAL,All Commodities,1,No Quantity,0,,,,,,3868514079,,,4
H5,2019,2019,2019,0,0,2,Export,470,Malta,MLT,0,World,WLD,,,,,,,,TOTAL,All Commodities,1,No Quantity,0,,,,,,4142922134,,,4
H5,2017,2017,2017,0,0,2,Export,480,Mauritius,MUS,0,World,WLD,,,,,,,,TOTAL,All Commodities,1,No Quantity,0,,,,,,2102621814,,,4
H5,2018,2018,2018,0,0,2,Export,480,Mauritius,MUS,0,World,WLD,,,,,,,,TOTAL,All Commodities,1,No Quantity,0,,,,0,,1987672862,,,4
H5,2019,2019,2019,0,0,2,Export,480,Mauritius,MUS,0,World,WLD,,,,,,,,TOTAL,All Commodities,1,No Quantity,0,,,,0,,1876368427,,,4
H5,2017,2017,2017,0,0,2,Export,490,"Other Asia, nes",,0,World,WLD,,,,,,,,TOTAL,All Commodities,1,No Quantity,0,,,,0,,3.17663E+11,,,4
H5,2018,2018,2018,0,0,2,Export,490,"Other Asia, nes",,0,World,WLD,,,,,,,,TOTAL,All Commodities,1,No Quantity,0,,,,0,,3.35744E+11,,,4
H5,2019,2019,2019,0,0,2,Export,490,"Other Asia, nes",,0,World,WLD,,,,,,,,TOTAL,All Commodities,1,No Quantity,0,,,,0,,3.29484E+11,,,4
H5,2017,2017,2017,0,0,2,Export,496,Mongolia,MNG,0,World,WLD,,,,,,,,TOTAL,All Commodities,1,No Quantity,0,,,,0,,6200592951,,,0
H5,2018,2018,2018,0,0,2,Export,496,Mongolia,MNG,0,World,WLD,,,,,,,,TOTAL,All Commodities,1,No Quantity,0,,,,0,,7011757684,,,4
H5,2019,2019,2019,0,0,2,Export,496,Mongolia,MNG,0,World,WLD,,,,,,,,TOTAL,All Commodities,1,No Quantity,0,,,,0,,7619753899,,,4
H5,2017,2017,2017,0,0,2,Export,499,Montenegro,MNE,0,World,WLD,,,,,,,,TOTAL,All Commodities,1,No Quantity,0,,,,,,420870887,,,4
H5,2018,2018,2018,0,0,2,Export,499,Montenegro,MNE,0,World,WLD,,,,,,,,TOTAL,All Commodities,1,No Quantity,0,,,,,,465997357,,,4
H5,2019,2019,2019,0,0,2,Export,499,Montenegro,MNE,0,World,WLD,,,,,,,,TOTAL,All Commodities,1,No Quantity,0,,,,,,463202279,,,4
H5,2017,2017,2017,0,0,2,Export,504,Morocco,MAR,0,World,WLD,,,,,,,,TOTAL,All Commodities,1,No Quantity,0,,,,0,,25624297849,,,4
H5,2018,2018,2018,0,0,2,Export,504,Morocco,MAR,0,World,WLD,,,,,,,,TOTAL,All Commodities,1,No Quantity,0,,,,0,,29360137412,,,4
H5,2019,2019,2019,0,0,2,Export,504,Morocco,MAR,0,World,WLD,,,,,,,,TOTAL,All Commodities,1,No Quantity,0,,,,,,29582399076,,,4
H5,2018,2018,2018,0,0,2,Export,508,Mozambique,MOZ,0,World,WLD,,,,,,,,TOTAL,All Commodities,1,No Quantity,0,,,,,,5195579533,,,4
H5,2019,2019,2019,0,0,2,Export,508,Mozambique,MOZ,0,World,WLD,,,,,,,,TOTAL,All Commodities,1,No Quantity,0,,,,,,4722313201,,,4
H5,2017,2017,2017,0,0,2,Export,512,Oman,OMN,0,World,WLD,,,,,,,,TOTAL,All Commodities,1,No Quantity,0,,,,0,,32904047205,,,4
H5,2018,2018,2018,0,0,2,Export,512,Oman,OMN,0,World,WLD,,,,,,,,TOTAL,All Commodities,1,No Quantity,0,,,,0,,41762284849,,,4
H5,2019,2019,2019,0,0,2,Export,512,Oman,OMN,0,World,WLD,,,,,,,,TOTAL,All Commodities,1,No Quantity,0,,,,0,,38723580348,,,4
H5,2017,2017,2017,0,0,2,Export,516,Namibia,NAM,0,World,WLD,,,,,,,,TOTAL,All Commodities,1,No Quantity,0,,,,0,,5229360925,,,4
H5,2018,2018,2018,0,0,2,Export,516,Namibia,NAM,0,World,WLD,,,,,,,,TOTAL,All Commodities,1,No Quantity,0,,,,,,7488296000,,,4
H5,2019,2019,2019,0,0,2,Export,516,Namibia,NAM,0,World,WLD,,,,,,,,TOTAL,All Commodities,1,No Quantity,0,,,,,,6256147591,,,4
H5,2019,2019,2019,0,0,2,Export,524,Nepal,NPL,0,World,WLD,,,,,,,,TOTAL,All Commodities,1,No Quantity,0,,,,0,,959628520,,,4
H5,2017,2017,2017,0,0,2,Export,528,Netherlands,NLD,0,World,WLD,,,,,,,,TOTAL,All Commodities,1,No Quantity,0,,,,0,,5.27908E+11,,,4
H5,2018,2018,2018,0,0,2,Export,528,Netherlands,NLD,0,World,WLD,,,,,,,,TOTAL,All Commodities,1,No Quantity,0,,,,0,,5.87893E+11,,,4
H5,2019,2019,2019,0,0,2,Export,528,Netherlands,NLD,0,World,WLD,,,,,,,,TOTAL,All Commodities,1,No Quantity,0,,,,0,,5.76784E+11,,,4
H5,2017,2017,2017,0,0,2,Export,554,New Zealand,NZL,0,World,WLD,,,,,,,,TOTAL,All Commodities,1,No Quantity,0,,,,,,38050286199,,,4
H5,2018,2018,2018,0,0,2,Export,554,New Zealand,NZL,0,World,WLD,,,,,,,,TOTAL,All Commodities,1,No Quantity,0,,,,0,,39838898880,,,4
H5,2019,2019,2019,0,0,2,Export,554,New Zealand,NZL,0,World,WLD,,,,,,,,TOTAL,All Commodities,1,No Quantity,0,,,,,,39539825796,,,4
H5,2017,2017,2017,0,0,2,Export,558,Nicaragua,NIC,0,World,WLD,,,,,,,,TOTAL,All Commodities,1,No Quantity,0,,,,0,,4925581177,,,4
H5,2018,2018,2018,0,0,2,Export,558,Nicaragua,NIC,0,World,WLD,,,,,,,,TOTAL,All Commodities,1,No Quantity,0,,,,0,,5013907569,,,4
H5,2019,2019,2019,0,0,2,Export,558,Nicaragua,NIC,0,World,WLD,,,,,,,,TOTAL,All Commodities,1,No Quantity,0,,,,0,,5272553121,,,4
H5,2018,2018,2018,0,0,2,Export,562,Niger,NER,0,World,WLD,,,,,,,,TOTAL,All Commodities,1,No Quantity,0,,,,0,,1564627862,,,4
H5,2019,2019,2019,0,0,2,Export,562,Niger,NER,0,World,WLD,,,,,,,,TOTAL,All Commodities,1,No Quantity,0,,,,0,,855080224,,,4
H5,2017,2017,2017,0,0,2,Export,579,Norway,NOR,0,World,WLD,,,,,,,,TOTAL,All Commodities,1,No Quantity,0,,,,0,,1.01976E+11,,,4
H5,2018,2018,2018,0,0,2,Export,579,Norway,NOR,0,World,WLD,,,,,,,,TOTAL,All Commodities,1,No Quantity,0,,,,0,,1.2304E+11,,,4
H5,2019,2019,2019,0,0,2,Export,579,Norway,NOR,0,World,WLD,,,,,,,,TOTAL,All Commodities,1,No Quantity,0,,,,0,,1.0403E+11,,,4
H5,2018,2018,2018,0,0,2,Export,585,Palau,PLW,0,World,WLD,,,,,,,,TOTAL,All Commodities,1,No Quantity,0,,,,0,,8620908,,,4
H5,2017,2017,2017,0,0,2,Export,586,Pakistan,PAK,0,World,WLD,,,,,,,,TOTAL,All Commodities,1,No Quantity,0,,,,,,21877787164,,,4
H5,2018,2018,2018,0,0,2,Export,586,Pakistan,PAK,0,World,WLD,,,,,,,,TOTAL,All Commodities,1,No Quantity,0,,,,,,23630892979,,,4
H5,2019,2019,2019,0,0,2,Export,586,Pakistan,PAK,0,World,WLD,,,,,,,,TOTAL,All Commodities,1,No Quantity,0,,,,,,23748680252,,,4
H5,2017,2017,2017,0,0,2,Export,591,Panama,PAN,0,World,WLD,,,,,,,,TOTAL,All Commodities,1,No Quantity,0,,,,,,11091556992,,,0
H5,2018,2018,2018,0,0,2,Export,591,Panama,PAN,0,World,WLD,,,,,,,,TOTAL,All Commodities,1,No Quantity,0,,,,,,11480107616,,,0
H5,2019,2019,2019,0,0,2,Export,591,Panama,PAN,0,World,WLD,,,,,,,,TOTAL,All Commodities,1,No Quantity,0,,,,,,10478059526,,,0
H5,2017,2017,2017,0,0,2,Export,600,Paraguay,PRY,0,World,WLD,,,,,,,,TOTAL,All Commodities,1,No Quantity,0,,,,0,,8679833045,,,4
H5,2018,2018,2018,0,0,2,Export,600,Paraguay,PRY,0,World,WLD,,,,,,,,TOTAL,All Commodities,1,No Quantity,0,,,,0,,9042140680,,,4
H5,2019,2019,2019,0,0,2,Export,600,Paraguay,PRY,0,World,WLD,,,,,,,,TOTAL,All Commodities,1,No Quantity,0,,,,0,,7652035474,,,4
H5,2017,2017,2017,0,0,2,Export,604,Peru,PER,0,World,WLD,,,,,,,,TOTAL,All Commodities,1,No Quantity,0,,,,0,,44237949422,,,4
H5,2018,2018,2018,0,0,2,Export,604,Peru,PER,0,World,WLD,,,,,,,,TOTAL,All Commodities,1,No Quantity,0,,,,0,,48015148375,,,4
H5,2019,2019,2019,0,0,2,Export,604,Peru,PER,0,World,WLD,,,,,,,,TOTAL,All Commodities,1,No Quantity,0,,,,0,,46131564759,,,4
H5,2019,2019,2019,0,0,2,Export,608,Philippines,PHL,0,World,WLD,,,,,,,,TOTAL,All Commodities,1,No Quantity,0,,,,,,70926674490,,,0
H5,2017,2017,2017,0,0,2,Export,616,Poland,POL,0,World,WLD,,,,,,,,TOTAL,All Commodities,1,No Quantity,0,,,,0,,2.21308E+11,,,4
H5,2018,2018,2018,0,0,2,Export,616,Poland,POL,0,World,WLD,,,,,,,,TOTAL,All Commodities,1,No Quantity,0,,,,0,,2.61815E+11,,,4
H5,2019,2019,2019,0,0,2,Export,616,Poland,POL,0,World,WLD,,,,,,,,TOTAL,All Commodities,1,No Quantity,0,,,,0,,2.51865E+11,,,4
H5,2017,2017,2017,0,0,2,Export,620,Portugal,PRT,0,World,WLD,,,,,,,,TOTAL,All Commodities,1,No Quantity,0,,,,,,62116840516,,,4
H5,2018,2018,2018,0,0,2,Export,620,Portugal,PRT,0,World,WLD,,,,,,,,TOTAL,All Commodities,1,No Quantity,0,,,,,,74135905807,,,4
H5,2019,2019,2019,0,0,2,Export,620,Portugal,PRT,0,World,WLD,,,,,,,,TOTAL,All Commodities,1,No Quantity,0,,,,0,,67064074174,,,4
H5,2017,2017,2017,0,0,2,Export,642,Romania,ROU,0,World,WLD,,,,,,,,TOTAL,All Commodities,1,No Quantity,0,,,,,,70626887499,,,4
H5,2018,2018,2018,0,0,2,Export,642,Romania,ROU,0,World,WLD,,,,,,,,TOTAL,All Commodities,1,No Quantity,0,,,,,,80077606266,,,4
H5,2019,2019,2019,0,0,2,Export,642,Romania,ROU,0,World,WLD,,,,,,,,TOTAL,All Commodities,1,No Quantity,0,,,,,,77298748437,,,4
H5,2017,2017,2017,0,0,2,Export,643,Russian Federation,RUS,0,World,WLD,,,,,,,,TOTAL,All Commodities,1,No Quantity,0,,,,0,,3.79207E+11,,,4
H5,2018,2018,2018,0,0,2,Export,643,Russian Federation,RUS,0,World,WLD,,,,,,,,TOTAL,All Commodities,1,No Quantity,0,,,,0,,4.51495E+11,,,4
H5,2019,2019,2019,0,0,2,Export,643,Russian Federation,RUS,0,World,WLD,,,,,,,,TOTAL,All Commodities,1,No Quantity,0,,,,0,,4.2672E+11,,,4
H5,2018,2018,2018,0,0,2,Export,646,Rwanda,RWA,0,World,WLD,,,,,,,,TOTAL,All Commodities,1,No Quantity,0,,,,,,1004201169,,,4
H5,2019,2019,2019,0,0,2,Export,686,Senegal,SEN,0,World,WLD,,,,,,,,TOTAL,All Commodities,1,No Quantity,0,,,,0,,4178514674,,,4
H5,2017,2017,2017,0,0,2,Export,688,Serbia,SRB,0,World,WLD,,,,,,,,TOTAL,All Commodities,1,No Quantity,0,,,,,,16959040119,,,4
H5,2018,2018,2018,0,0,2,Export,688,Serbia,SRB,0,World,WLD,,,,,,,,TOTAL,All Commodities,1,No Quantity,0,,,,,,19239126973,,,4
H5,2019,2019,2019,0,0,2,Export,688,Serbia,SRB,0,World,WLD,,,,,,,,TOTAL,All Commodities,1,No Quantity,0,,,,,,19633048518,,,4
H5,2018,2018,2018,0,0,2,Export,690,Seychelles,SYC,0,World,WLD,,,,,,,,TOTAL,All Commodities,1,No Quantity,0,,,,0,,849885247,,,4
H5,2019,2019,2019,0,0,2,Export,690,Seychelles,SYC,0,World,WLD,,,,,,,,TOTAL,All Commodities,1,No Quantity,0,,,,0,,824082560,,,4
H5,2017,2017,2017,0,0,2,Export,699,India,IND,0,World,WLD,,,,,,,,TOTAL,All Commodities,1,No Quantity,0,,,,0,,2.94364E+11,,,4
H5,2018,2018,2018,0,0,2,Export,699,India,IND,0,World,WLD,,,,,,,,TOTAL,All Commodities,1,No Quantity,0,,,,0,,3.22492E+11,,,4
H5,2019,2019,2019,0,0,2,Export,699,India,IND,0,World,WLD,,,,,,,,TOTAL,All Commodities,1,No Quantity,0,,,,0,,3.23251E+11,,,4
H5,2018,2018,2018,0,0,2,Export,702,Singapore,SGP,0,World,WLD,,,,,,,,TOTAL,All Commodities,1,No Quantity,0,,,,0,,4.11743E+11,,,4
H5,2019,2019,2019,0,0,2,Export,702,Singapore,SGP,0,World,WLD,,,,,,,,TOTAL,All Commodities,1,No Quantity,0,,,,0,,3.90332E+11,,,4
H5,2017,2017,2017,0,0,2,Export,703,Slovakia,SVK,0,World,WLD,,,,,,,,TOTAL,All Commodities,1,No Quantity,0,,,,,,83475386333,,,4
H5,2018,2018,2018,0,0,2,Export,703,Slovakia,SVK,0,World,WLD,,,,,,,,TOTAL,All Commodities,1,No Quantity,0,,,,,,93403168103,,,4
H5,2019,2019,2019,0,0,2,Export,703,Slovakia,SVK,0,World,WLD,,,,,,,,TOTAL,All Commodities,1,No Quantity,0,,,,,,89909085415,,,4
H5,2018,2018,2018,0,0,2,Export,704,Viet Nam,VNM,0,World,WLD,,,,,,,,TOTAL,All Commodities,1,No Quantity,0,,,,0,,2.43699E+11,,,4
H5,2019,2019,2019,0,0,2,Export,704,Viet Nam,VNM,0,World,WLD,,,,,,,,TOTAL,All Commodities,1,No Quantity,0,,,,0,,2.6461E+11,,,4
H5,2017,2017,2017,0,0,2,Export,705,Slovenia,SVN,0,World,WLD,,,,,,,,TOTAL,All Commodities,1,No Quantity,0,,,,,,31893789564,,,4
H5,2018,2018,2018,0,0,2,Export,705,Slovenia,SVN,0,World,WLD,,,,,,,,TOTAL,All Commodities,1,No Quantity,0,,,,,,36471278939,,,4
H5,2019,2019,2019,0,0,2,Export,705,Slovenia,SVN,0,World,WLD,,,,,,,,TOTAL,All Commodities,1,No Quantity,0,,,,,,37574594379,,,4
H5,2017,2017,2017,0,0,2,Export,710,South Africa,ZAF,0,World,WLD,,,,,,,,TOTAL,All Commodities,1,No Quantity,0,,,,,,88233218989,,,4
H5,2018,2018,2018,0,0,2,Export,710,South Africa,ZAF,0,World,WLD,,,,,,,,TOTAL,All Commodities,1,No Quantity,0,,,,,,93677434344,,,4
H5,2019,2019,2019,0,0,2,Export,710,South Africa,ZAF,0,World,WLD,,,,,,,,TOTAL,All Commodities,1,No Quantity,0,,,,,,89395988333,,,4
H5,2018,2018,2018,0,0,2,Export,716,Zimbabwe,ZWE,0,World,WLD,,,,,,,,TOTAL,All Commodities,1,No Quantity,0,,,,0,,4037267069,,,4
H5,2019,2019,2019,0,0,2,Export,716,Zimbabwe,ZWE,0,World,WLD,,,,,,,,TOTAL,All Commodities,1,No Quantity,0,,,,0,,4279383537,,,4
H5,2017,2017,2017,0,0,2,Export,724,Spain,ESP,0,World,WLD,,,,,,,,TOTAL,All Commodities,1,No Quantity,0,,,,,,3.11601E+11,,,4
H5,2018,2018,2018,0,0,2,Export,724,Spain,ESP,0,World,WLD,,,,,,,,TOTAL,All Commodities,1,No Quantity,0,,,,,,3.46064E+11,,,4
H5,2019,2019,2019,0,0,2,Export,724,Spain,ESP,0,World,WLD,,,,,,,,TOTAL,All Commodities,1,No Quantity,0,,,,,,3.37215E+11,,,4
H5,2017,2017,2017,0,0,2,Export,729,Sudan,SDN,0,World,WLD,,,,,,,,TOTAL,All Commodities,1,No Quantity,0,,,,0,,4240642666,,,4
H5,2018,2018,2018,0,0,2,Export,729,Sudan,SDN,0,World,WLD,,,,,,,,TOTAL,All Commodities,1,No Quantity,0,,,,,,3619251504,,,4
H5,2017,2017,2017,0,0,2,Export,748,Eswatini,SWZ,0,World,WLD,,,,,,,,TOTAL,All Commodities,1,No Quantity,0,,,,0,,1801000657,,,4
H5,2018,2018,2018,0,0,2,Export,748,Eswatini,SWZ,0,World,WLD,,,,,,,,TOTAL,All Commodities,1,No Quantity,0,,,,0,,1842438001,,,4
H5,2019,2019,2019,0,0,2,Export,748,Eswatini,SWZ,0,World,WLD,,,,,,,,TOTAL,All Commodities,1,No Quantity,0,,,,0,,2001636601,,,4
H5,2017,2017,2017,0,0,2,Export,752,Sweden,SWE,0,World,WLD,,,,,,,,TOTAL,All Commodities,1,No Quantity,0,,,,,,1.53159E+11,,,4
H5,2018,2018,2018,0,0,2,Export,752,Sweden,SWE,0,World,WLD,,,,,,,,TOTAL,All Commodities,1,No Quantity,0,,,,,,1.65967E+11,,,4
H5,2019,2019,2019,0,0,2,Export,752,Sweden,SWE,0,World,WLD,,,,,,,,TOTAL,All Commodities,1,No Quantity,0,,,,,,1.60531E+11,,,4
H5,2017,2017,2017,0,0,2,Export,757,Switzerland,CHE,0,World,WLD,,,,,,,,TOTAL,All Commodities,1,No Quantity,0,,,,,,2.99331E+11,,,4
H5,2018,2018,2018,0,0,2,Export,757,Switzerland,CHE,0,World,WLD,,,,,,,,TOTAL,All Commodities,1,No Quantity,0,,,,,,3.10524E+11,,,4
H5,2019,2019,2019,0,0,2,Export,757,Switzerland,CHE,0,World,WLD,,,,,,,,TOTAL,All Commodities,1,No Quantity,0,,,,,,3.13686E+11,,,4
H5,2017,2017,2017,0,0,2,Export,764,Thailand,THA,0,World,WLD,,,,,,,,TOTAL,All Commodities,1,No Quantity,0,,,,0,,2.36634E+11,,,4
H5,2018,2018,2018,0,0,2,Export,764,Thailand,THA,0,World,WLD,,,,,,,,TOTAL,All Commodities,1,No Quantity,0,,,,0,,2.52485E+11,,,4
H5,2019,2019,2019,0,0,2,Export,764,Thailand,THA,0,World,WLD,,,,,,,,TOTAL,All Commodities,1,No Quantity,0,,,,,,2.33674E+11,,,4
H5,2018,2018,2018,0,0,2,Export,768,Togo,TGO,0,World,WLD,,,,,,,,TOTAL,All Commodities,1,No Quantity,0,,,,,,1024037778,,,4
H5,2019,2019,2019,0,0,2,Export,768,Togo,TGO,0,World,WLD,,,,,,,,TOTAL,All Commodities,1,No Quantity,0,,,,,,1011137878,,,4
H5,2018,2018,2018,0,0,2,Export,784,United Arab Emirates,ARE,0,World,WLD,,,,,,,,TOTAL,All Commodities,1,No Quantity,0,,,,0,,3.87964E+11,,,4
H5,2019,2019,2019,0,0,2,Export,784,United Arab Emirates,ARE,0,World,WLD,,,,,,,,TOTAL,All Commodities,1,No Quantity,0,,,,0,,3.89428E+11,,,4
H5,2018,2018,2018,0,0,2,Export,788,Tunisia,TUN,0,World,WLD,,,,,,,,TOTAL,All Commodities,1,No Quantity,0,,,,0,,15521228910,,,4
H5,2019,2019,2019,0,0,2,Export,788,Tunisia,TUN,0,World,WLD,,,,,,,,TOTAL,All Commodities,1,No Quantity,0,,,,0,,14944087490,,,4
H5,2017,2017,2017,0,0,2,Export,792,Turkey,TUR,0,World,WLD,,,,,,,,TOTAL,All Commodities,1,No Quantity,0,,,,,,1.64495E+11,,,4
H5,2018,2018,2018,0,0,2,Export,792,Turkey,TUR,0,World,WLD,,,,,,,,TOTAL,All Commodities,1,No Quantity,0,,,,,,1.77169E+11,,,4
H5,2019,2019,2019,0,0,2,Export,792,Turkey,TUR,0,World,WLD,,,,,,,,TOTAL,All Commodities,1,No Quantity,0,,,,,,1.80833E+11,,,4
H5,2018,2018,2018,0,0,2,Export,800,Uganda,UGA,0,World,WLD,,,,,,,,TOTAL,All Commodities,1,No Quantity,0,,,,0,,3087363576,,,4
H5,2019,2019,2019,0,0,2,Export,800,Uganda,UGA,0,World,WLD,,,,,,,,TOTAL,All Commodities,1,No Quantity,0,,,,0,,3563784978,,,4
H5,2017,2017,2017,0,0,2,Export,807,North Macedonia,MKD,0,World,WLD,,,,,,,,TOTAL,All Commodities,1,No Quantity,0,,,,,,5682803081,,,4
H5,2018,2018,2018,0,0,2,Export,807,North Macedonia,MKD,0,World,WLD,,,,,,,,TOTAL,All Commodities,1,No Quantity,0,,,,,,6906336855,,,4
H5,2019,2019,2019,0,0,2,Export,807,North Macedonia,MKD,0,World,WLD,,,,,,,,TOTAL,All Commodities,1,No Quantity,0,,,,,,7195140900,,,4
H5,2017,2017,2017,0,0,2,Export,826,United Kingdom,GBR,0,World,WLD,,,,,,,,TOTAL,All Commodities,1,No Quantity,0,,,,0,,4.41847E+11,,,4
H5,2018,2018,2018,0,0,2,Export,826,United Kingdom,GBR,0,World,WLD,,,,,,,,TOTAL,All Commodities,1,No Quantity,0,,,,0,,4.9084E+11,,,4
H5,2019,2019,2019,0,0,2,Export,826,United Kingdom,GBR,0,World,WLD,,,,,,,,TOTAL,All Commodities,1,No Quantity,0,,,,0,,4.68322E+11,,,4
H5,2017,2017,2017,0,0,2,Export,834,United Rep. of Tanzania,TZA,0,World,WLD,,,,,,,,TOTAL,All Commodities,1,No Quantity,0,,,,0,,4178109062,,,4
H5,2018,2018,2018,0,0,2,Export,834,United Rep. of Tanzania,TZA,0,World,WLD,,,,,,,,TOTAL,All Commodities,1,No Quantity,0,,,,,,3669212438,,,4
H5,2019,2019,2019,0,0,2,Export,834,United Rep. of Tanzania,TZA,0,World,WLD,,,,,,,,TOTAL,All Commodities,1,No Quantity,0,,,,0,,5003764881,,,4
H5,2017,2017,2017,0,0,2,Export,842,USA,USA,0,World,WLD,,,,,,,,TOTAL,All Commodities,1,No Quantity,0,,,,0,,1.54581E+12,,,4
H5,2018,2018,2018,0,0,2,Export,842,USA,USA,0,World,WLD,,,,,,,,TOTAL,All Commodities,1,No Quantity,0,,,,0,,1.6653E+12,,,4
H5,2019,2019,2019,0,0,2,Export,842,USA,USA,0,World,WLD,,,,,,,,TOTAL,All Commodities,1,No Quantity,0,,,,0,,1.64428E+12,,,4
H5,2017,2017,2017,0,0,2,Export,854,Burkina Faso,BFA,0,World,WLD,,,,,,,,TOTAL,All Commodities,1,No Quantity,0,,,,0,,2909370118,,,4
H5,2018,2018,2018,0,0,2,Export,854,Burkina Faso,BFA,0,World,WLD,,,,,,,,TOTAL,All Commodities,1,No Quantity,0,,,,0,,3267574544,,,4
H5,2019,2019,2019,0,0,2,Export,854,Burkina Faso,BFA,0,World,WLD,,,,,,,,TOTAL,All Commodities,1,No Quantity,0,,,,0,,3261104826,,,4
H5,2017,2017,2017,0,0,2,Export,858,Uruguay,URY,0,World,WLD,,,,,,,,TOTAL,All Commodities,1,No Quantity,0,,,,,,7889387375,,,4
H5,2018,2018,2018,0,0,2,Export,858,Uruguay,URY,0,World,WLD,,,,,,,,TOTAL,All Commodities,1,No Quantity,0,,,,,,7498004935,,,4
H5,2019,2019,2019,0,0,2,Export,858,Uruguay,URY,0,World,WLD,,,,,,,,TOTAL,All Commodities,1,No Quantity,0,,,,,,7680372439,,,4
H5,2018,2018,2018,0,0,2,Export,860,Uzbekistan,UZB,0,World,WLD,,,,,,,,TOTAL,All Commodities,1,No Quantity,0,,,,,,10919011727,,,4
H5,2019,2019,2019,0,0,2,Export,860,Uzbekistan,UZB,0,World,WLD,,,,,,,,TOTAL,All Commodities,1,No Quantity,0,,,,,,14929506690,,,4
H5,2018,2018,2018,0,0,2,Export,887,Yemen,YEM,0,World,WLD,,,,,,,,TOTAL,All Commodities,1,No Quantity,0,,,,0,,15456132,,,0
H5,2019,2019,2019,0,0,2,Export,887,Yemen,YEM,0,World,WLD,,,,,,,,TOTAL,All Commodities,1,No Quantity,0,,,,0,,23783553,,,0
H5,2017,2017,2017,0,0,2,Export,894,Zambia,ZMB,0,World,WLD,,,,,,,,TOTAL,All Commodities,1,No Quantity,0,,,,,,8006789539,,,4
H5,2018,2018,2018,0,0,2,Export,894,Zambia,ZMB,0,World,WLD,,,,,,,,TOTAL,All Commodities,1,No Quantity,0,,,,,,9043157369,,,4
H5,2019,2019,2019,0,0,2,Export,894,Zambia,ZMB,0,World,WLD,,,,,,,,TOTAL,All Commodities,1,No Quantity,0,,,,,,7029095024,,,4
H4,2016,2016,2016,0,0,2,Export,8,Albania,ALB,0,World,WLD,,,,,,,,TOTAL,All Commodities,1,No Quantity,,,,,,,1962117416,,,0
H4,2016,2016,2016,0,0,2,Export,12,Algeria,DZA,0,World,WLD,,,,,,,,TOTAL,All Commodities,1,No Quantity,,,,,,,29992101470,,,0
H4,2016,2016,2016,0,0,2,Export,20,Andorra,AND,0,World,WLD,,,,,,,,TOTAL,All Commodities,1,No Quantity,0,,,,0,,96912958,,,4
H4,2016,2016,2016,0,0,2,Export,24,Angola,AGO,0,World,WLD,,,,,,,,TOTAL,All Commodities,1,No Quantity,0,,,,,,28057499522,,,4
H4,2016,2016,2016,0,0,2,Export,31,Azerbaijan,AZE,0,World,WLD,,,,,,,,TOTAL,All Commodities,1,No Quantity,0,,,,,,13380818566,,,4
H4,2016,2016,2016,0,0,2,Export,32,Argentina,ARG,0,World,WLD,,,,,,,,TOTAL,All Commodities,1,No Quantity,0,,,,0,,57879346239,,,4
H4,2016,2016,2016,0,0,2,Export,36,Australia,AUS,0,World,WLD,,,,,,,,TOTAL,All Commodities,1,No Quantity,,,,,,,1.8963E+11,,,0
H4,2016,2016,2016,0,0,2,Export,40,Austria,AUT,0,World,WLD,,,,,,,,TOTAL,All Commodities,1,No Quantity,0,,,,0,,1.44701E+11,,,4
H4,2016,2016,2016,0,0,2,Export,44,Bahamas,BHS,0,World,WLD,,,,,,,,TOTAL,All Commodities,1,No Quantity,0,,,,,,402712422,,,4
H4,2016,2016,2016,0,0,2,Export,48,Bahrain,BHR,0,World,WLD,,,,,,,,TOTAL,All Commodities,1,No Quantity,0,,,,0,,10545888964,,,4
H4,2016,2016,2016,0,0,2,Export,51,Armenia,ARM,0,World,WLD,,,,,,,,TOTAL,All Commodities,1,No Quantity,,,,,,,1807789510,,,0
H4,2016,2016,2016,0,0,2,Export,56,Belgium,BEL,0,World,WLD,,,,,,,,TOTAL,All Commodities,1,No Quantity,0,,,,0,,2.71232E+11,,,4
H4,2016,2016,2016,0,0,2,Export,60,Bermuda,BMU,0,World,WLD,,,,,,,,TOTAL,All Commodities,1,No Quantity,,,,,,,8317389,,,0
H4,2016,2016,2016,0,0,2,Export,68,Bolivia (Plurinational State of),BOL,0,World,WLD,,,,,,,,TOTAL,All Commodities,1,No Quantity,0,,,,0,,7258713168,,,0
H4,2016,2016,2016,0,0,2,Export,70,Bosnia Herzegovina,BIH,0,World,WLD,,,,,,,,TOTAL,All Commodities,1,No Quantity,,,,,,,5327578339,,,0
H4,2016,2016,2016,0,0,2,Export,72,Botswana,BWA,0,World,WLD,,,,,,,,TOTAL,All Commodities,1,No Quantity,,,,,,,7320705826,,,0
H4,2016,2016,2016,0,0,2,Export,76,Brazil,BRA,0,World,WLD,,,,,,,,TOTAL,All Commodities,1,No Quantity,0,,,,0,,1.79526E+11,,,4
H4,2016,2016,2016,0,0,2,Export,84,Belize,BLZ,0,World,WLD,,,,,,,,TOTAL,All Commodities,1,No Quantity,,,,,,,246162629,,,0
H4,2016,2016,2016,0,0,2,Export,90,Solomon Isds,SLB,0,World,WLD,,,,,,,,TOTAL,All Commodities,1,No Quantity,,,,,,,437303074,,,0
H4,2016,2016,2016,0,0,2,Export,96,Brunei Darussalam,BRN,0,World,WLD,,,,,,,,TOTAL,All Commodities,1,No Quantity,,,,,,,4875075307,,,0
H4,2016,2016,2016,0,0,2,Export,100,Bulgaria,BGR,0,World,WLD,,,,,,,,TOTAL,All Commodities,1,No Quantity,0,,,,,,26688182909,,,4
H4,2016,2016,2016,0,0,2,Export,104,Myanmar,MMR,0,World,WLD,,,,,,,,TOTAL,All Commodities,1,No Quantity,0,,,,,,11672717460,,,4
H4,2016,2016,2016,0,0,2,Export,108,Burundi,BDI,0,World,WLD,,,,,,,,TOTAL,All Commodities,1,No Quantity,,,,,,,123055817,,,0
H4,2016,2016,2016,0,0,2,Export,112,Belarus,BLR,0,World,WLD,,,,,,,,TOTAL,All Commodities,1,No Quantity,,,,,,,23537354500,,,0
H4,2016,2016,2016,0,0,2,Export,116,Cambodia,KHM,0,World,WLD,,,,,,,,TOTAL,All Commodities,1,No Quantity,,,,,,,10069331577,,,0
H4,2016,2016,2016,0,0,2,Export,120,Cameroon,CMR,0,World,WLD,,,,,,,,TOTAL,All Commodities,1,No Quantity,,,,,,,2130449501,,,0
H4,2016,2016,2016,0,0,2,Export,124,Canada,CAN,0,World,WLD,,,,,,,,TOTAL,All Commodities,1,No Quantity,0,,,,,,3.88853E+11,,,4
H4,2016,2016,2016,0,0,2,Export,132,Cabo Verde,CPV,0,World,WLD,,,,,,,,TOTAL,All Commodities,1,No Quantity,,,,,,,60361080,,,0
H4,2016,2016,2016,0,0,2,Export,140,Central African Rep.,CAF,0,World,WLD,,,,,,,,TOTAL,All Commodities,1,No Quantity,,,,,,,88451252,,,0
H4,2016,2016,2016,0,0,2,Export,144,Sri Lanka,LKA,0,World,WLD,,,,,,,,TOTAL,All Commodities,1,No Quantity,,,,,,,10545893296,,,0
H4,2016,2016,2016,0,0,2,Export,152,Chile,CHL,0,World,WLD,,,,,,,,TOTAL,All Commodities,1,No Quantity,0,,,,0,,60768690454,,,4
H4,2016,2016,2016,0,0,2,Export,156,China,CHN,0,World,WLD,,,,,,,,TOTAL,All Commodities,1,No Quantity,0,,,,,,2.09764E+12,,,4
H4,2016,2016,2016,0,0,2,Export,170,Colombia,COL,0,World,WLD,,,,,,,,TOTAL,All Commodities,1,No Quantity,,,,,,,31044991243,,,0
H4,2016,2016,2016,0,0,2,Export,174,Comoros,COM,0,World,WLD,,,,,,,,TOTAL,All Commodities,1,No Quantity,0,,,,0,,29825121,,,4
H4,2016,2016,2016,0,0,2,Export,178,Congo,COG,0,World,WLD,,,,,,,,TOTAL,All Commodities,1,No Quantity,0,,,,0,,7900592412,,,4
H4,2016,2016,2016,0,0,2,Export,180,Dem. Rep. of the Congo,COD,0,World,WLD,,,,,,,,TOTAL,All Commodities,1,No Quantity,0,,,,,,7192846758,,,4
H4,2016,2016,2016,0,0,2,Export,188,Costa Rica,CRI,0,World,WLD,,,,,,,,TOTAL,All Commodities,1,No Quantity,0,,,,0,,9907873817,,,4
H4,2016,2016,2016,0,0,2,Export,191,Croatia,HRV,0,World,WLD,,,,,,,,TOTAL,All Commodities,1,No Quantity,,,,,,,13647534058,,,0
H4,2016,2016,2016,0,0,2,Export,196,Cyprus,CYP,0,World,WLD,,,,,,,,TOTAL,All Commodities,1,No Quantity,0,,,,,,3001461505,,,4
H4,2016,2016,2016,0,0,2,Export,203,Czechia,CZE,0,World,WLD,,,,,,,,TOTAL,All Commodities,1,No Quantity,,,,,,,1.62087E+11,,,0
H4,2016,2016,2016,0,0,2,Export,204,Benin,BEN,0,World,WLD,,,,,,,,TOTAL,All Commodities,1,No Quantity,0,,,,0,,408742652,,,4
H4,2016,2016,2016,0,0,2,Export,208,Denmark,DNK,0,World,WLD,,,,,,,,TOTAL,All Commodities,1,No Quantity,0,,,,0,,94729013059,,,4
H4,2016,2016,2016,0,0,2,Export,214,Dominican Rep.,DOM,0,World,WLD,,,,,,,,TOTAL,All Commodities,1,No Quantity,0,,,,0,,9785186239,,,4
H4,2016,2016,2016,0,0,2,Export,218,Ecuador,ECU,0,World,WLD,,,,,,,,TOTAL,All Commodities,1,No Quantity,,,,,,,16797664624,,,0
H4,2016,2016,2016,0,0,2,Export,222,El Salvador,SLV,0,World,WLD,,,,,,,,TOTAL,All Commodities,1,No Quantity,0,,,,0,,5420132897,,,4
H4,2016,2016,2016,0,0,2,Export,231,Ethiopia,ETH,0,World,WLD,,,,,,,,TOTAL,All Commodities,1,No Quantity,0,,,,0,,1988502929,,,4
H4,2016,2016,2016,0,0,2,Export,233,Estonia,EST,0,World,WLD,,,,,,,,TOTAL,All Commodities,1,No Quantity,0,,,,,,13967429425,,,4
H4,2016,2016,2016,0,0,2,Export,242,Fiji,FJI,0,World,WLD,,,,,,,,TOTAL,All Commodities,1,No Quantity,0,,,,,,922037487,,,4
H4,2016,2016,2016,0,0,2,Export,246,Finland,FIN,0,World,WLD,,,,,,,,TOTAL,All Commodities,1,No Quantity,,,,,,,57325871718,,,0
H4,2016,2016,2016,0,0,2,Export,251,France,FRA,0,World,WLD,,,,,,,,TOTAL,All Commodities,1,No Quantity,,,,,,,4.88885E+11,,,0
H4,2016,2016,2016,0,0,2,Export,258,French Polynesia,PYF,0,World,WLD,,,,,,,,TOTAL,All Commodities,1,No Quantity,0,,,,0,,199520560,,,4
H4,2016,2016,2016,0,0,2,Export,268,Georgia,GEO,0,World,WLD,,,,,,,,TOTAL,All Commodities,1,No Quantity,0,,,,,,2117130707,,,0
H4,2016,2016,2016,0,0,2,Export,275,State of Palestine,PSE,0,World,WLD,,,,,,,,TOTAL,All Commodities,1,No Quantity,,,,,,,926498977,,,0
H4,2016,2016,2016,0,0,2,Export,276,Germany,DEU,0,World,WLD,,,,,,,,TOTAL,All Commodities,1,No Quantity,0,,,,,,1.33724E+12,,,4
H4,2016,2016,2016,0,0,2,Export,288,Ghana,GHA,0,World,WLD,,,,,,,,TOTAL,All Commodities,1,No Quantity,,,,,,,10655796413,,,0
H4,2016,2016,2016,0,0,2,Export,296,Kiribati,KIR,0,World,WLD,,,,,,,,TOTAL,All Commodities,1,No Quantity,0,,,,0,,11253550,,,4
H4,2016,2016,2016,0,0,2,Export,300,Greece,GRC,0,World,WLD,,,,,,,,TOTAL,All Commodities,1,No Quantity,,,,,,,27810924841,,,0
H4,2016,2016,2016,0,0,2,Export,304,Greenland,GRL,0,World,WLD,,,,,,,,TOTAL,All Commodities,1,No Quantity,0,,,,0,,575333167,,,4
H4,2016,2016,2016,0,0,2,Export,308,Grenada,GRD,0,World,WLD,,,,,,,,TOTAL,All Commodities,1,No Quantity,0,,,,0,,35105041,,,4
H4,2016,2016,2016,0,0,2,Export,320,Guatemala,GTM,0,World,WLD,,,,,,,,TOTAL,All Commodities,1,No Quantity,,,,,,,10591329598,,,0
H4,2016,2016,2016,0,0,2,Export,324,Guinea,GIN,0,World,WLD,,,,,,,,TOTAL,All Commodities,1,No Quantity,0,,,,0,,2394528520,,,4
H4,2016,2016,2016,0,0,2,Export,340,Honduras,HND,0,World,WLD,,,,,,,,TOTAL,All Commodities,1,No Quantity,,,,,,,4084641916,,,0
H4,2016,2016,2016,0,0,2,Export,344,"China, Hong Kong SAR",HKG,0,World,WLD,,,,,,,,TOTAL,All Commodities,1,No Quantity,0,,,,,,5.16588E+11,,,0
H4,2016,2016,2016,0,0,2,Export,348,Hungary,HUN,0,World,WLD,,,,,,,,TOTAL,All Commodities,1,No Quantity,0,,,,,,1.0301E+11,,,4
H4,2016,2016,2016,0,0,2,Export,352,Iceland,ISL,0,World,WLD,,,,,,,,TOTAL,All Commodities,1,No Quantity,,,,,,,4449729754,,,0
H4,2016,2016,2016,0,0,2,Export,360,Indonesia,IDN,0,World,WLD,,,,,,,,TOTAL,All Commodities,1,No Quantity,,,,,,,1.4449E+11,,,0
H4,2016,2016,2016,0,0,2,Export,364,Iran,IRN,0,World,WLD,,,,,,,,TOTAL,All Commodities,1,No Quantity,0,,,,0,,83148194183,,,4
H4,2016,2016,2016,0,0,2,Export,372,Ireland,IRL,0,World,WLD,,,,,,,,TOTAL,All Commodities,1,No Quantity,0,,,,0,,1.32045E+11,,,4
H4,2016,2016,2016,0,0,2,Export,376,Israel,ISR,0,World,WLD,,,,,,,,TOTAL,All Commodities,1,No Quantity,,,,,,,60570596000,,,0
H4,2016,2016,2016,0,0,2,Export,381,Italy,ITA,0,World,WLD,,,,,,,,TOTAL,All Commodities,1,No Quantity,0,,,,0,,4.61668E+11,,,4
H4,2016,2016,2016,0,0,2,Export,384,Côte d'Ivoire,CIV,0,World,WLD,,,,,,,,TOTAL,All Commodities,1,No Quantity,0,,,,0,,10776851158,,,4
H4,2016,2016,2016,0,0,2,Export,388,Jamaica,JAM,0,World,WLD,,,,,,,,TOTAL,All Commodities,1,No Quantity,,,,,,,1201786561,,,0
H4,2016,2016,2016,0,0,2,Export,392,Japan,JPN,0,World,WLD,,,,,,,,TOTAL,All Commodities,1,No Quantity,,,,,,,6.44932E+11,,,0
H4,2016,2016,2016,0,0,2,Export,398,Kazakhstan,KAZ,0,World,WLD,,,,,,,,TOTAL,All Commodities,1,No Quantity,,,,,,,36775323403,,,0
H4,2016,2016,2016,0,0,2,Export,400,Jordan,JOR,0,World,WLD,,,,,,,,TOTAL,All Commodities,1,No Quantity,,,,,,,7509082521,,,0
H4,2016,2016,2016,0,0,2,Export,404,Kenya,KEN,0,World,WLD,,,,,,,,TOTAL,All Commodities,1,No Quantity,0,,,,0,,5697559391,,,4
H4,2016,2016,2016,0,0,2,Export,410,Rep. of Korea,KOR,0,World,WLD,,,,,,,,TOTAL,All Commodities,1,No Quantity,,,,,,,4.95418E+11,,,0
H4,2016,2016,2016,0,0,2,Export,414,Kuwait,KWT,0,World,WLD,,,,,,,,TOTAL,All Commodities,1,No Quantity,0,,,,0,,46235357009,,,4
H4,2016,2016,2016,0,0,2,Export,417,Kyrgyzstan,KGZ,0,World,WLD,,,,,,,,TOTAL,All Commodities,1,No Quantity,,,,,,,1423028427,,,0
H4,2016,2016,2016,0,0,2,Export,418,Lao People's Dem. Rep.,LAO,0,World,WLD,,,,,,,,TOTAL,All Commodities,1,No Quantity,,,,,,,3124168977,,,0
H4,2016,2016,2016,0,0,2,Export,422,Lebanon,LBN,0,World,WLD,,,,,,,,TOTAL,All Commodities,1,No Quantity,,,,,,,2976561583,,,0
H4,2016,2016,2016,0,0,2,Export,426,Lesotho,LSO,0,World,WLD,,,,,,,,TOTAL,All Commodities,1,No Quantity,0,,,,0,,638298740,,,4
H4,2016,2016,2016,0,0,2,Export,428,Latvia,LVA,0,World,WLD,,,,,,,,TOTAL,All Commodities,1,No Quantity,0,,,,,,11607295065,,,4
H4,2016,2016,2016,0,0,2,Export,440,Lithuania,LTU,0,World,WLD,,,,,,,,TOTAL,All Commodities,1,No Quantity,0,,,,,,25022652473,,,4
H4,2016,2016,2016,0,0,2,Export,442,Luxembourg,LUX,0,World,WLD,,,,,,,,TOTAL,All Commodities,1,No Quantity,,,,,,,12838381070,,,0
H4,2016,2016,2016,0,0,2,Export,446,"China, Macao SAR",MAC,0,World,WLD,,,,,,,,TOTAL,All Commodities,1,No Quantity,,,,,,,1256603099,,,0
H4,2016,2016,2016,0,0,2,Export,450,Madagascar,MDG,0,World,WLD,,,,,,,,TOTAL,All Commodities,1,No Quantity,0,,,,0,,2261351178,,,4
H4,2016,2016,2016,0,0,2,Export,454,Malawi,MWI,0,World,WLD,,,,,,,,TOTAL,All Commodities,1,No Quantity,0,,,,0,,1022154000,,,4
H4,2016,2016,2016,0,0,2,Export,458,Malaysia,MYS,0,World,WLD,,,,,,,,TOTAL,All Commodities,1,No Quantity,,,,,,,1.89414E+11,,,0
H4,2016,2016,2016,0,0,2,Export,462,Maldives,MDV,0,World,WLD,,,,,,,,TOTAL,All Commodities,1,No Quantity,,,,,,,139592790,,,0
H4,2016,2016,2016,0,0,2,Export,466,Mali,MLI,0,World,WLD,,,,,,,,TOTAL,All Commodities,1,No Quantity,,,,,,,2847593565,,,0
H4,2016,2016,2016,0,0,2,Export,470,Malta,MLT,0,World,WLD,,,,,,,,TOTAL,All Commodities,1,No Quantity,,,,,,,4038642974,,,0
H4,2016,2016,2016,0,0,2,Export,478,Mauritania,MRT,0,World,WLD,,,,,,,,TOTAL,All Commodities,1,No Quantity,,,,,,,1622761598,,,0
H4,2016,2016,2016,0,0,2,Export,480,Mauritius,MUS,0,World,WLD,,,,,,,,TOTAL,All Commodities,1,No Quantity,0,,,,0,,2197276402,,,4
H4,2016,2016,2016,0,0,2,Export,484,Mexico,MEX,0,World,WLD,,,,,,,,TOTAL,All Commodities,1,No Quantity,0,,,,,,3.73954E+11,,,4
H4,2016,2016,2016,0,0,2,Export,490,"Other Asia, nes",,0,World,WLD,,,,,,,,TOTAL,All Commodities,1,No Quantity,,,,,,,2.80479E+11,,,0
H4,2016,2016,2016,0,0,2,Export,496,Mongolia,MNG,0,World,WLD,,,,,,,,TOTAL,All Commodities,1,No Quantity,,,,,,,4916326458,,,0
H4,2016,2016,2016,0,0,2,Export,498,Rep. of Moldova,MDA,0,World,WLD,,,,,,,,TOTAL,All Commodities,1,No Quantity,,,,,,,2044610956,,,0
H4,2016,2016,2016,0,0,2,Export,499,Montenegro,MNE,0,World,WLD,,,,,,,,TOTAL,All Commodities,1,No Quantity,0,,,,,,355060373,,,4
H4,2016,2016,2016,0,0,2,Export,504,Morocco,MAR,0,World,WLD,,,,,,,,TOTAL,All Commodities,1,No Quantity,,,,,,,22858288521,,,0
H4,2016,2016,2016,0,0,2,Export,512,Oman,OMN,0,World,WLD,,,,,,,,TOTAL,All Commodities,1,No Quantity,0,,,,0,,30013599551,,,4
H4,2016,2016,2016,0,0,2,Export,516,Namibia,NAM,0,World,WLD,,,,,,,,TOTAL,All Commodities,1,No Quantity,,,,,,,4815846406,,,0
H4,2016,2016,2016,0,0,2,Export,524,Nepal,NPL,0,World,WLD,,,,,,,,TOTAL,All Commodities,1,No Quantity,0,,,,,,728846440,,,4
H4,2016,2016,2016,0,0,2,Export,528,Netherlands,NLD,0,World,WLD,,,,,,,,TOTAL,All Commodities,1,No Quantity,0,,,,0,,4.68176E+11,,,4
H4,2016,2016,2016,0,0,2,Export,533,Aruba,ABW,0,World,WLD,,,,,,,,TOTAL,All Commodities,1,No Quantity,0,,,,0,,95396491,,,4
H4,2016,2016,2016,0,0,2,Export,554,New Zealand,NZL,0,World,WLD,,,,,,,,TOTAL,All Commodities,1,No Quantity,0,,,,,,33731328470,,,4
H4,2016,2016,2016,0,0,2,Export,558,Nicaragua,NIC,0,World,WLD,,,,,,,,TOTAL,All Commodities,1,No Quantity,0,,,,0,,4591961798,,,4
H4,2016,2016,2016,0,0,2,Export,562,Niger,NER,0,World,WLD,,,,,,,,TOTAL,All Commodities,1,No Quantity,0,,,,0,,929914699,,,4
H4,2016,2016,2016,0,0,2,Export,566,Nigeria,NGA,0,World,WLD,,,,,,,,TOTAL,All Commodities,1,No Quantity,,,,,,,32883045467,,,0
H4,2016,2016,2016,0,0,2,Export,579,Norway,NOR,0,World,WLD,,,,,,,,TOTAL,All Commodities,1,No Quantity,,,,,,,89628326847,,,0
H4,2016,2016,2016,0,0,2,Export,585,Palau,PLW,0,World,WLD,,,,,,,,TOTAL,All Commodities,1,No Quantity,,,,,,,6539681,,,0
H4,2016,2016,2016,0,0,2,Export,586,Pakistan,PAK,0,World,WLD,,,,,,,,TOTAL,All Commodities,1,No Quantity,,,,,,,20533792833,,,0
H4,2016,2016,2016,0,0,2,Export,591,Panama,PAN,0,World,WLD,,,,,,,,TOTAL,All Commodities,1,No Quantity,0,,,,,,10843210513,,,0
H4,2016,2016,2016,0,0,2,Export,600,Paraguay,PRY,0,World,WLD,,,,,,,,TOTAL,All Commodities,1,No Quantity,0,,,,0,,8501157586,,,4
H4,2016,2016,2016,0,0,2,Export,604,Peru,PER,0,World,WLD,,,,,,,,TOTAL,All Commodities,1,No Quantity,0,,,,,,36309958803,,,4
H4,2016,2016,2016,0,0,2,Export,616,Poland,POL,0,World,WLD,,,,,,,,TOTAL,All Commodities,1,No Quantity,,,,,,,1.96455E+11,,,0
H4,2016,2016,2016,0,0,2,Export,620,Portugal,PRT,0,World,WLD,,,,,,,,TOTAL,All Commodities,1,No Quantity,0,,,,0,,55371549249,,,4
H4,2016,2016,2016,0,0,2,Export,634,Qatar,QAT,0,World,WLD,,,,,,,,TOTAL,All Commodities,1,No Quantity,0,,,,0,,57308634593,,,0
H4,2016,2016,2016,0,0,2,Export,642,Romania,ROU,0,World,WLD,,,,,,,,TOTAL,All Commodities,1,No Quantity,,,,,,,63581004346,,,0
H4,2016,2016,2016,0,0,2,Export,643,Russian Federation,RUS,0,World,WLD,,,,,,,,TOTAL,All Commodities,1,No Quantity,0,,,,0,,3.0178E+11,,,4
H4,2016,2016,2016,0,0,2,Export,646,Rwanda,RWA,0,World,WLD,,,,,,,,TOTAL,All Commodities,1,No Quantity,0,,,,,,613073671,,,4
H4,2016,2016,2016,0,0,2,Export,662,Saint Lucia,LCA,0,World,WLD,,,,,,,,TOTAL,All Commodities,1,No Quantity,,,,,,,119806601,,,0
H4,2016,2016,2016,0,0,2,Export,682,Saudi Arabia,SAU,0,World,WLD,,,,,,,,TOTAL,All Commodities,1,No Quantity,0,,,,0,,1.83604E+11,,,4
H4,2016,2016,2016,0,0,2,Export,686,Senegal,SEN,0,World,WLD,,,,,,,,TOTAL,All Commodities,1,No Quantity,,,,,,,2640276916,,,0
H4,2016,2016,2016,0,0,2,Export,688,Serbia,SRB,0,World,WLD,,,,,,,,TOTAL,All Commodities,1,No Quantity,,,,,,,14851777129,,,0
H4,2016,2016,2016,0,0,2,Export,699,India,IND,0,World,WLD,,,,,,,,TOTAL,All Commodities,1,No Quantity,,,,,,,2.60327E+11,,,0
H4,2016,2016,2016,0,0,2,Export,702,Singapore,SGP,0,World,WLD,,,,,,,,TOTAL,All Commodities,1,No Quantity,0,,,,0,,3.38082E+11,,,4
H4,2016,2016,2016,0,0,2,Export,703,Slovakia,SVK,0,World,WLD,,,,,,,,TOTAL,All Commodities,1,No Quantity,0,,,,,,76997192267,,,4
H4,2016,2016,2016,0,0,2,Export,704,Viet Nam,VNM,0,World,WLD,,,,,,,,TOTAL,All Commodities,1,No Quantity,0,,,,0,,1.76581E+11,,,4
H4,2016,2016,2016,0,0,2,Export,705,Slovenia,SVN,0,World,WLD,,,,,,,,TOTAL,All Commodities,1,No Quantity,0,,,,,,27657727689,,,4
H4,2016,2016,2016,0,0,2,Export,710,South Africa,ZAF,0,World,WLD,,,,,,,,TOTAL,All Commodities,1,No Quantity,0,,,,,,75912597473,,,4
H4,2016,2016,2016,0,0,2,Export,716,Zimbabwe,ZWE,0,World,WLD,,,,,,,,TOTAL,All Commodities,1,No Quantity,0,,,,,,3341151095,,,4
H4,2016,2016,2016,0,0,2,Export,724,Spain,ESP,0,World,WLD,,,,,,,,TOTAL,All Commodities,1,No Quantity,0,,,,,,2.83761E+11,,,4
H4,2016,2016,2016,0,0,2,Export,729,Sudan,SDN,0,World,WLD,,,,,,,,TOTAL,All Commodities,1,No Quantity,0,,,,,,3993489851,,,4
H4,2016,2016,2016,0,0,2,Export,748,Eswatini,SWZ,0,World,WLD,,,,,,,,TOTAL,All Commodities,1,No Quantity,0,,,,0,,1716356400,,,4
H4,2016,2016,2016,0,0,2,Export,752,Sweden,SWE,0,World,WLD,,,,,,,,TOTAL,All Commodities,1,No Quantity,0,,,,0,,1.39391E+11,,,4
H4,2016,2016,2016,0,0,2,Export,757,Switzerland,CHE,0,World,WLD,,,,,,,,TOTAL,All Commodities,1,No Quantity,0,,,,,,3.02499E+11,,,4
H4,2016,2016,2016,0,0,2,Export,764,Thailand,THA,0,World,WLD,,,,,,,,TOTAL,All Commodities,1,No Quantity,0,,,,,,2.15387E+11,,,4
H4,2016,2016,2016,0,0,2,Export,768,Togo,TGO,0,World,WLD,,,,,,,,TOTAL,All Commodities,1,No Quantity,0,,,,0,,801989368,,,4
H4,2016,2016,2016,0,0,2,Export,780,Trinidad and Tobago,TTO,0,World,WLD,,,,,,,,TOTAL,All Commodities,1,No Quantity,0,,,,0,,7608632115,,,4
H4,2016,2016,2016,0,0,2,Export,784,United Arab Emirates,ARE,0,World,WLD,,,,,,,,TOTAL,All Commodities,1,No Quantity,0,,,,0,,2.95047E+11,,,4
H4,2016,2016,2016,0,0,2,Export,788,Tunisia,TUN,0,World,WLD,,,,,,,,TOTAL,All Commodities,1,No Quantity,,,,,,,13575130953,,,0
H4,2016,2016,2016,0,0,2,Export,792,Turkey,TUR,0,World,WLD,,,,,,,,TOTAL,All Commodities,1,No Quantity,0,,,,,,1.49247E+11,,,4
H4,2016,2016,2016,0,0,2,Export,800,Uganda,UGA,0,World,WLD,,,,,,,,TOTAL,All Commodities,1,No Quantity,,,,,,,2482313415,,,0
H4,2016,2016,2016,0,0,2,Export,804,Ukraine,UKR,0,World,WLD,,,,,,,,TOTAL,All Commodities,1,No Quantity,0,,,,,,36361032464,,,4
H4,2016,2016,2016,0,0,2,Export,807,North Macedonia,MKD,0,World,WLD,,,,,,,,TOTAL,All Commodities,1,No Quantity,,,,,,,4784604593,,,0
H4,2016,2016,2016,0,0,2,Export,818,Egypt,EGY,0,World,WLD,,,,,,,,TOTAL,All Commodities,1,No Quantity,0,,,,,,22973368854,,,0
H4,2016,2016,2016,0,0,2,Export,826,United Kingdom,GBR,0,World,WLD,,,,,,,,TOTAL,All Commodities,1,No Quantity,,,,,,,4.11463E+11,,,0
H4,2016,2016,2016,0,0,2,Export,834,United Rep. of Tanzania,TZA,0,World,WLD,,,,,,,,TOTAL,All Commodities,1,No Quantity,,,,,,,4741924583,,,0
H4,2016,2016,2016,0,0,2,Export,842,USA,USA,0,World,WLD,,,,,,,,TOTAL,All Commodities,1,No Quantity,0,,,,0,,1.45091E+12,,,4
H4,2016,2016,2016,0,0,2,Export,854,Burkina Faso,BFA,0,World,WLD,,,,,,,,TOTAL,All Commodities,1,No Quantity,,,,,,,2520012338,,,0
H4,2016,2016,2016,0,0,2,Export,858,Uruguay,URY,0,World,WLD,,,,,,,,TOTAL,All Commodities,1,No Quantity,,,,,,,6963552025,,,0
H4,2016,2016,2016,0,0,2,Export,882,Samoa,WSM,0,World,WLD,,,,,,,,TOTAL,All Commodities,1,No Quantity,,,,,,,56040486,,,0
H4,2016,2016,2016,0,0,2,Export,894,Zambia,ZMB,0,World,WLD,,,,,,,,TOTAL,All Commodities,1,No Quantity,0,,,,0,,6372386803,,,4
H4,2017,2017,2017,0,0,2,Export,24,Angola,AGO,0,World,WLD,,,,,,,,TOTAL,All Commodities,1,No Quantity,0,,,,,,34904881109,,,4
H4,2017,2017,2017,0,0,2,Export,31,Azerbaijan,AZE,0,World,WLD,,,,,,,,TOTAL,All Commodities,1,No Quantity,0,,,,,,15306018304,,,4
H4,2017,2017,2017,0,0,2,Export,32,Argentina,ARG,0,World,WLD,,,,,,,,TOTAL,All Commodities,1,No Quantity,0,,,,0,,58384194969,,,4
H4,2017,2017,2017,0,0,2,Export,44,Bahamas,BHS,0,World,WLD,,,,,,,,TOTAL,All Commodities,1,No Quantity,0,,,,,,473322277,,,4
H4,2017,2017,2017,0,0,2,Export,72,Botswana,BWA,0,World,WLD,,,,,,,,TOTAL,All Commodities,1,No Quantity,0,,,,0,,5962911260,,,4
H4,2017,2017,2017,0,0,2,Export,84,Belize,BLZ,0,World,WLD,,,,,,,,TOTAL,All Commodities,1,No Quantity,0,,,,0,,277584960,,,0
H4,2017,2017,2017,0,0,2,Export,90,Solomon Isds,SLB,0,World,WLD,,,,,,,,TOTAL,All Commodities,1,No Quantity,0,,,,,,499714683,,,4
H4,2017,2017,2017,0,0,2,Export,108,Burundi,BDI,0,World,WLD,,,,,,,,TOTAL,All Commodities,1,No Quantity,0,,,,0,,149406437,,,4
H4,2017,2017,2017,0,0,2,Export,120,Cameroon,CMR,0,World,WLD,,,,,,,,TOTAL,All Commodities,1,No Quantity,0,,,,0,,3264185171,,,4
H4,2017,2017,2017,0,0,2,Export,132,Cabo Verde,CPV,0,World,WLD,,,,,,,,TOTAL,All Commodities,1,No Quantity,0,,,,,,49935302,,,4
H4,2017,2017,2017,0,0,2,Export,140,Central African Rep.,CAF,0,World,WLD,,,,,,,,TOTAL,All Commodities,1,No Quantity,0,,,,,,196990937,,,4
H4,2017,2017,2017,0,0,2,Export,174,Comoros,COM,0,World,WLD,,,,,,,,TOTAL,All Commodities,1,No Quantity,0,,,,0,,38411838,,,4
H4,2017,2017,2017,0,0,2,Export,178,Congo,COG,0,World,WLD,,,,,,,,TOTAL,All Commodities,1,No Quantity,0,,,,,,8251984388,,,4
H4,2017,2017,2017,0,0,2,Export,180,Dem. Rep. of the Congo,COD,0,World,WLD,,,,,,,,TOTAL,All Commodities,1,No Quantity,0,,,,,,12295708443,,,4
H4,2017,2017,2017,0,0,2,Export,204,Benin,BEN,0,World,WLD,,,,,,,,TOTAL,All Commodities,1,No Quantity,0,,,,0,,741989094,,,4
H4,2017,2017,2017,0,0,2,Export,231,Ethiopia,ETH,0,World,WLD,,,,,,,,TOTAL,All Commodities,1,No Quantity,0,,,,0,,2305900977,,,4
H4,2017,2017,2017,0,0,2,Export,258,French Polynesia,PYF,0,World,WLD,,,,,,,,TOTAL,All Commodities,1,No Quantity,0,,,,0,,169175120,,,4
H4,2017,2017,2017,0,0,2,Export,270,Gambia,GMB,0,World,WLD,,,,,,,,TOTAL,All Commodities,1,No Quantity,0,,,,,,13807871,,,4
H4,2017,2017,2017,0,0,2,Export,275,State of Palestine,PSE,0,World,WLD,,,,,,,,TOTAL,All Commodities,1,No Quantity,0,,,,,,1064884138,,,4
H4,2017,2017,2017,0,0,2,Export,288,Ghana,GHA,0,World,WLD,,,,,,,,TOTAL,All Commodities,1,No Quantity,0,,,,0,,14358509951,,,4
H4,2017,2017,2017,0,0,2,Export,296,Kiribati,KIR,0,World,WLD,,,,,,,,TOTAL,All Commodities,1,No Quantity,0,,,,,,15246555,,,4
H4,2017,2017,2017,0,0,2,Export,308,Grenada,GRD,0,World,WLD,,,,,,,,TOTAL,All Commodities,1,No Quantity,0,,,,0,,30518152,,,4
H4,2017,2017,2017,0,0,2,Export,384,Côte d'Ivoire,CIV,0,World,WLD,,,,,,,,TOTAL,All Commodities,1,No Quantity,0,,,,0,,12445558550,,,4
H4,2017,2017,2017,0,0,2,Export,388,Jamaica,JAM,0,World,WLD,,,,,,,,TOTAL,All Commodities,1,No Quantity,0,,,,0,,1309718443,,,4
H4,2017,2017,2017,0,0,2,Export,404,Kenya,KEN,0,World,WLD,,,,,,,,TOTAL,All Commodities,1,No Quantity,0,,,,0,,5747414819,,,4
H4,2017,2017,2017,0,0,2,Export,454,Malawi,MWI,0,World,WLD,,,,,,,,TOTAL,All Commodities,1,No Quantity,0,,,,0,,883851985,,,4
H4,2017,2017,2017,0,0,2,Export,466,Mali,MLI,0,World,WLD,,,,,,,,TOTAL,All Commodities,1,No Quantity,0,,,,0,,1902730073,,,4
H4,2017,2017,2017,0,0,2,Export,478,Mauritania,MRT,0,World,WLD,,,,,,,,TOTAL,All Commodities,1,No Quantity,0,,,,0,,1989430771,,,0
H4,2017,2017,2017,0,0,2,Export,484,Mexico,MEX,0,World,WLD,,,,,,,,TOTAL,All Commodities,1,No Quantity,0,,,,,,4.09396E+11,,,4
H4,2017,2017,2017,0,0,2,Export,498,Rep. of Moldova,MDA,0,World,WLD,,,,,,,,TOTAL,All Commodities,1,No Quantity,0,,,,0,,2425118752,,,4
H4,2017,2017,2017,0,0,2,Export,508,Mozambique,MOZ,0,World,WLD,,,,,,,,TOTAL,All Commodities,1,No Quantity,0,,,,,,4718518271,,,4
H4,2017,2017,2017,0,0,2,Export,524,Nepal,NPL,0,World,WLD,,,,,,,,TOTAL,All Commodities,1,No Quantity,0,,,,,,740742914,,,4
H4,2017,2017,2017,0,0,2,Export,533,Aruba,ABW,0,World,WLD,,,,,,,,TOTAL,All Commodities,1,No Quantity,0,,,,0,,88833337,,,4
H4,2017,2017,2017,0,0,2,Export,562,Niger,NER,0,World,WLD,,,,,,,,TOTAL,All Commodities,1,No Quantity,0,,,,0,,1992358402,,,4
H4,2017,2017,2017,0,0,2,Export,566,Nigeria,NGA,0,World,WLD,,,,,,,,TOTAL,All Commodities,1,No Quantity,0,,,,,,44466366757,,,4
H4,2017,2017,2017,0,0,2,Export,585,Palau,PLW,0,World,WLD,,,,,,,,TOTAL,All Commodities,1,No Quantity,0,,,,0,,6419759,,,4
H4,2017,2017,2017,0,0,2,Export,608,Philippines,PHL,0,World,WLD,,,,,,,,TOTAL,All Commodities,1,No Quantity,0,,,,0,,68712611186,,,4
H4,2017,2017,2017,0,0,2,Export,634,Qatar,QAT,0,World,WLD,,,,,,,,TOTAL,All Commodities,1,No Quantity,0,,,,0,,67498105851,,,4
H4,2017,2017,2017,0,0,2,Export,646,Rwanda,RWA,0,World,WLD,,,,,,,,TOTAL,All Commodities,1,No Quantity,0,,,,0,,942651251,,,4
H4,2017,2017,2017,0,0,2,Export,662,Saint Lucia,LCA,0,World,WLD,,,,,,,,TOTAL,All Commodities,1,No Quantity,0,,,,,,141655244,,,4
H4,2017,2017,2017,0,0,2,Export,682,Saudi Arabia,SAU,0,World,WLD,,,,,,,,TOTAL,All Commodities,1,No Quantity,0,,,,0,,2.21835E+11,,,4
H4,2017,2017,2017,0,0,2,Export,686,Senegal,SEN,0,World,WLD,,,,,,,,TOTAL,All Commodities,1,No Quantity,0,,,,0,,2989042090,,,4
H4,2017,2017,2017,0,0,2,Export,702,Singapore,SGP,0,World,WLD,,,,,,,,TOTAL,All Commodities,1,No Quantity,0,,,,0,,3.73255E+11,,,4
H4,2017,2017,2017,0,0,2,Export,704,Viet Nam,VNM,0,World,WLD,,,,,,,,TOTAL,All Commodities,1,No Quantity,0,,,,0,,2.15119E+11,,,4
H4,2017,2017,2017,0,0,2,Export,716,Zimbabwe,ZWE,0,World,WLD,,,,,,,,TOTAL,All Commodities,1,No Quantity,0,,,,0,,3480381866,,,4
H4,2017,2017,2017,0,0,2,Export,762,Tajikistan,TJK,0,World,WLD,,,,,,,,TOTAL,All Commodities,1,No Quantity,0,,,,,,983825951,,,4
H4,2017,2017,2017,0,0,2,Export,768,Togo,TGO,0,World,WLD,,,,,,,,TOTAL,All Commodities,1,No Quantity,0,,,,0,,867057011,,,4
H4,2017,2017,2017,0,0,2,Export,780,Trinidad and Tobago,TTO,0,World,WLD,,,,,,,,TOTAL,All Commodities,1,No Quantity,0,,,,0,,8740876129,,,4
H4,2017,2017,2017,0,0,2,Export,784,United Arab Emirates,ARE,0,World,WLD,,,,,,,,TOTAL,All Commodities,1,No Quantity,0,,,,0,,3.13603E+11,,,4
H4,2017,2017,2017,0,0,2,Export,788,Tunisia,TUN,0,World,WLD,,,,,,,,TOTAL,All Commodities,1,No Quantity,0,,,,0,,14199816336,,,4
H4,2017,2017,2017,0,0,2,Export,800,Uganda,UGA,0,World,WLD,,,,,,,,TOTAL,All Commodities,1,No Quantity,0,,,,,,2901465679,,,4
H4,2017,2017,2017,0,0,2,Export,804,Ukraine,UKR,0,World,WLD,,,,,,,,TOTAL,All Commodities,1,No Quantity,0,,,,,,43428391056,,,4
H4,2017,2017,2017,0,0,2,Export,818,Egypt,EGY,0,World,WLD,,,,,,,,TOTAL,All Commodities,1,No Quantity,0,,,,,,26434038479,,,0
H4,2017,2017,2017,0,0,2,Export,860,Uzbekistan,UZB,0,World,WLD,,,,,,,,TOTAL,All Commodities,1,No Quantity,0,,,,,,10079471003,,,4
H4,2017,2017,2017,0,0,2,Export,882,Samoa,WSM,0,World,WLD,,,,,,,,TOTAL,All Commodities,1,No Quantity,0,,,,,,44401814,,,4
H4,2018,2018,2018,0,0,2,Export,4,Afghanistan,AFG,0,World,WLD,,,,,,,,TOTAL,All Commodities,1,No Quantity,0,,,,0,,884504496,,,4
H4,2018,2018,2018,0,0,2,Export,44,Bahamas,BHS,0,World,WLD,,,,,,,,TOTAL,All Commodities,1,No Quantity,0,,,,,,524192922,,,4
H4,2018,2018,2018,0,0,2,Export,90,Solomon Isds,SLB,0,World,WLD,,,,,,,,TOTAL,All Commodities,1,No Quantity,0,,,,,,569112008,,,4
H4,2018,2018,2018,0,0,2,Export,108,Burundi,BDI,0,World,WLD,,,,,,,,TOTAL,All Commodities,1,No Quantity,0,,,,0,,169071156,,,4
H4,2018,2018,2018,0,0,2,Export,120,Cameroon,CMR,0,World,WLD,,,,,,,,TOTAL,All Commodities,1,No Quantity,0,,,,0,,3804792058,,,4
H4,2018,2018,2018,0,0,2,Export,132,Cabo Verde,CPV,0,World,WLD,,,,,,,,TOTAL,All Commodities,1,No Quantity,0,,,,,,75270566,,,4
H4,2018,2018,2018,0,0,2,Export,140,Central African Rep.,CAF,0,World,WLD,,,,,,,,TOTAL,All Commodities,1,No Quantity,0,,,,0,,54264098,,,4
H4,2018,2018,2018,0,0,2,Export,180,Dem. Rep. of the Congo,COD,0,World,WLD,,,,,,,,TOTAL,All Commodities,1,No Quantity,0,,,,0,,20004284687,,,4
H4,2018,2018,2018,0,0,2,Export,204,Benin,BEN,0,World,WLD,,,,,,,,TOTAL,All Commodities,1,No Quantity,0,,,,0,,950955040,,,4
H4,2018,2018,2018,0,0,2,Export,231,Ethiopia,ETH,0,World,WLD,,,,,,,,TOTAL,All Commodities,1,No Quantity,0,,,,0,,1548554591,,,4
H4,2018,2018,2018,0,0,2,Export,258,French Polynesia,PYF,0,World,WLD,,,,,,,,TOTAL,All Commodities,1,No Quantity,0,,,,0,,155313198,,,4
H4,2018,2018,2018,0,0,2,Export,270,Gambia,GMB,0,World,WLD,,,,,,,,TOTAL,All Commodities,1,No Quantity,0,,,,0,,11428464,,,4
H4,2018,2018,2018,0,0,2,Export,275,State of Palestine,PSE,0,World,WLD,,,,,,,,TOTAL,All Commodities,1,No Quantity,0,,,,,,1155634049,,,4
H4,2018,2018,2018,0,0,2,Export,296,Kiribati,KIR,0,World,WLD,,,,,,,,TOTAL,All Commodities,1,No Quantity,0,,,,0,,8186253,,,4
H4,2018,2018,2018,0,0,2,Export,308,Grenada,GRD,0,World,WLD,,,,,,,,TOTAL,All Commodities,1,No Quantity,0,,,,0,,37746085,,,4
H4,2018,2018,2018,0,0,2,Export,404,Kenya,KEN,0,World,WLD,,,,,,,,TOTAL,All Commodities,1,No Quantity,0,,,,0,,6050420682,,,4
H4,2018,2018,2018,0,0,2,Export,426,Lesotho,LSO,0,World,WLD,,,,,,,,TOTAL,All Commodities,1,No Quantity,0,,,,0,,706099684,,,4
H4,2018,2018,2018,0,0,2,Export,454,Malawi,MWI,0,World,WLD,,,,,,,,TOTAL,All Commodities,1,No Quantity,0,,,,0,,879974472,,,4
H4,2018,2018,2018,0,0,2,Export,478,Mauritania,MRT,0,World,WLD,,,,,,,,TOTAL,All Commodities,1,No Quantity,0,,,,,,2051854542,,,4
H4,2018,2018,2018,0,0,2,Export,484,Mexico,MEX,0,World,WLD,,,,,,,,TOTAL,All Commodities,1,No Quantity,0,,,,,,4.50684E+11,,,4
H4,2018,2018,2018,0,0,2,Export,498,Rep. of Moldova,MDA,0,World,WLD,,,,,,,,TOTAL,All Commodities,1,No Quantity,0,,,,0,,2706818216,,,4
H4,2018,2018,2018,0,0,2,Export,524,Nepal,NPL,0,World,WLD,,,,,,,,TOTAL,All Commodities,1,No Quantity,0,,,,,,781142756,,,4
H4,2018,2018,2018,0,0,2,Export,533,Aruba,ABW,0,World,WLD,,,,,,,,TOTAL,All Commodities,1,No Quantity,0,,,,0,,69470374,,,4
H4,2018,2018,2018,0,0,2,Export,566,Nigeria,NGA,0,World,WLD,,,,,,,,TOTAL,All Commodities,1,No Quantity,0,,,,,,62399742736,,,4
H4,2018,2018,2018,0,0,2,Export,608,Philippines,PHL,0,World,WLD,,,,,,,,TOTAL,All Commodities,1,No Quantity,0,,,,,,67487668298,,,4
H4,2018,2018,2018,0,0,2,Export,634,Qatar,QAT,0,World,WLD,,,,,,,,TOTAL,All Commodities,1,No Quantity,0,,,,0,,84904616757,,,4
H4,2018,2018,2018,0,0,2,Export,662,Saint Lucia,LCA,0,World,WLD,,,,,,,,TOTAL,All Commodities,1,No Quantity,0,,,,0,,116813983,,,4
H4,2018,2018,2018,0,0,2,Export,682,Saudi Arabia,SAU,0,World,WLD,,,,,,,,TOTAL,All Commodities,1,No Quantity,0,,,,0,,2.94536E+11,,,4
H4,2018,2018,2018,0,0,2,Export,686,Senegal,SEN,0,World,WLD,,,,,,,,TOTAL,All Commodities,1,No Quantity,0,,,,0,,3623242949,,,4
H4,2018,2018,2018,0,0,2,Export,694,Sierra Leone,SLE,0,World,WLD,,,,,,,,TOTAL,All Commodities,1,No Quantity,0,,,,,,205368284,,,4
H4,2018,2018,2018,0,0,2,Export,762,Tajikistan,TJK,0,World,WLD,,,,,,,,TOTAL,All Commodities,1,No Quantity,0,,,,0,,1073858043,,,4
H4,2018,2018,2018,0,0,2,Export,780,Trinidad and Tobago,TTO,0,World,WLD,,,,,,,,TOTAL,All Commodities,1,No Quantity,0,,,,0,,10530263000,,,4
H4,2018,2018,2018,0,0,2,Export,804,Ukraine,UKR,0,World,WLD,,,,,,,,TOTAL,All Commodities,1,No Quantity,0,,,,0,,47334679853,,,4
H4,2018,2018,2018,0,0,2,Export,818,Egypt,EGY,0,World,WLD,,,,,,,,TOTAL,All Commodities,1,No Quantity,0,,,,0,,29483042036,,,4
H4,2018,2018,2018,0,0,2,Export,882,Samoa,WSM,0,World,WLD,,,,,,,,TOTAL,All Commodities,1,No Quantity,0,,,,,,46101305,,,4
H4,2019,2019,2019,0,0,2,Export,4,Afghanistan,AFG,0,World,WLD,,,,,,,,TOTAL,All Commodities,1,No Quantity,0,,,,0,,870488512,,,4
H4,2019,2019,2019,0,0,2,Export,44,Bahamas,BHS,0,World,WLD,,,,,,,,TOTAL,All Commodities,1,No Quantity,0,,,,,,537268559,,,0
H4,2019,2019,2019,0,0,2,Export,140,Central African Rep.,CAF,0,World,WLD,,,,,,,,TOTAL,All Commodities,1,No Quantity,0,,,,0,,123969756,,,4
H4,2019,2019,2019,0,0,2,Export,180,Dem. Rep. of the Congo,COD,0,World,WLD,,,,,,,,TOTAL,All Commodities,1,No Quantity,0,,,,,,13382299169,,,4
H4,2019,2019,2019,0,0,2,Export,270,Gambia,GMB,0,World,WLD,,,,,,,,TOTAL,All Commodities,1,No Quantity,0,,,,0,,24602270,,,4
H4,2019,2019,2019,0,0,2,Export,275,State of Palestine,PSE,0,World,WLD,,,,,,,,TOTAL,All Commodities,1,No Quantity,0,,,,,,1103808331,,,4
H4,2019,2019,2019,0,0,2,Export,308,Grenada,GRD,0,World,WLD,,,,,,,,TOTAL,All Commodities,1,No Quantity,0,,,,0,,34481186,,,4
H4,2019,2019,2019,0,0,2,Export,426,Lesotho,LSO,0,World,WLD,,,,,,,,TOTAL,All Commodities,1,No Quantity,0,,,,0,,646049228,,,4
H4,2019,2019,2019,0,0,2,Export,478,Mauritania,MRT,0,World,WLD,,,,,,,,TOTAL,All Commodities,1,No Quantity,0,,,,0,,2266469717,,,4
H4,2019,2019,2019,0,0,2,Export,484,Mexico,MEX,0,World,WLD,,,,,,,,TOTAL,All Commodities,1,No Quantity,0,,,,,,4.60604E+11,,,4
H4,2019,2019,2019,0,0,2,Export,498,Rep. of Moldova,MDA,0,World,WLD,,,,,,,,TOTAL,All Commodities,1,No Quantity,0,,,,,,2779164783,,,4
H4,2019,2019,2019,0,0,2,Export,533,Aruba,ABW,0,World,WLD,,,,,,,,TOTAL,All Commodities,1,No Quantity,0,,,,0,,78642939,,,4
H4,2019,2019,2019,0,0,2,Export,566,Nigeria,NGA,0,World,WLD,,,,,,,,TOTAL,All Commodities,1,No Quantity,0,,,,,,53617812190,,,4
H4,2019,2019,2019,0,0,2,Export,634,Qatar,QAT,0,World,WLD,,,,,,,,TOTAL,All Commodities,1,No Quantity,0,,,,0,,72934956293,,,0
H4,2019,2019,2019,0,0,2,Export,646,Rwanda,RWA,0,World,WLD,,,,,,,,TOTAL,All Commodities,1,No Quantity,0,,,,0,,1131956067,,,4
H4,2019,2019,2019,0,0,2,Export,662,Saint Lucia,LCA,0,World,WLD,,,,,,,,TOTAL,All Commodities,1,No Quantity,0,,,,0,,97255260,,,4
H4,2019,2019,2019,0,0,2,Export,682,Saudi Arabia,SAU,0,World,WLD,,,,,,,,TOTAL,All Commodities,1,No Quantity,0,,,,0,,2.518E+11,,,4
H4,2019,2019,2019,0,0,2,Export,762,Tajikistan,TJK,0,World,WLD,,,,,,,,TOTAL,All Commodities,1,No Quantity,0,,,,,,891973123,,,4
H4,2019,2019,2019,0,0,2,Export,780,Trinidad and Tobago,TTO,0,World,WLD,,,,,,,,TOTAL,All Commodities,1,No Quantity,0,,,,0,,7191889249,,,4
H4,2019,2019,2019,0,0,2,Export,804,Ukraine,UKR,0,World,WLD,,,,,,,,TOTAL,All Commodities,1,No Quantity,0,,,,,,50054402431,,,4
H4,2019,2019,2019,0,0,2,Export,818,Egypt,EGY,0,World,WLD,,,,,,,,TOTAL,All Commodities,1,No Quantity,0,,,,,,30828829545,,,0
H4,2019,2019,2019,0,0,2,Export,882,Samoa,WSM,0,World,WLD,,,,,,,,TOTAL,All Commodities,1,No Quantity,0,,,,0,,49272482,,,4
H3,2016,2016,2016,0,0,2,Export,28,Antigua and Barbuda,ATG,0,World,WLD,,,,,,,,TOTAL,All Commodities,1,No Quantity,,,,,,,61043254,,,0
H3,2016,2016,2016,0,0,2,Export,270,Gambia,GMB,0,World,WLD,,,,,,,,TOTAL,All Commodities,1,No Quantity,0,,,,0,,34290937,,,4
H3,2016,2016,2016,0,0,2,Export,328,Guyana,GUY,0,World,WLD,,,,,,,,TOTAL,All Commodities,1,No Quantity,,,,,,,1452631561,,,0
H3,2016,2016,2016,0,0,2,Export,500,Montserrat,MSR,0,World,WLD,,,,,,,,TOTAL,All Commodities,1,No Quantity,0,,,,0,,4013764,,,0
H3,2016,2016,2016,0,0,2,Export,508,Mozambique,MOZ,0,World,WLD,,,,,,,,TOTAL,All Commodities,1,No Quantity,0,,,,,,3352109244,,,4
H3,2016,2016,2016,0,0,2,Export,659,Saint Kitts and Nevis,KNA,0,World,WLD,,,,,,,,TOTAL,All Commodities,1,No Quantity,0,,,,0,,36864707,,,4
H3,2016,2016,2016,0,0,2,Export,670,Saint Vincent and the Grenadines,VCT,0,World,WLD,,,,,,,,TOTAL,All Commodities,1,No Quantity,0,,,,0,,43012868,,,0
H3,2016,2016,2016,0,0,2,Export,678,Sao Tome and Principe,STP,0,World,WLD,,,,,,,,TOTAL,All Commodities,1,No Quantity,,,,,,,10473934,,,0
H3,2016,2016,2016,0,0,2,Export,690,Seychelles,SYC,0,World,WLD,,,,,,,,TOTAL,All Commodities,1,No Quantity,0,,,,0,,483876547,,,4
H3,2016,2016,2016,0,0,2,Export,694,Sierra Leone,SLE,0,World,WLD,,,,,,,,TOTAL,All Commodities,1,No Quantity,,,,,,,465595233,,,0
H3,2016,2016,2016,0,0,2,Export,740,Suriname,SUR,0,World,WLD,,,,,,,,TOTAL,All Commodities,1,No Quantity,0,,,,0,,1235283176,,,0
H3,2016,2016,2016,0,0,2,Export,762,Tajikistan,TJK,0,World,WLD,,,,,,,,TOTAL,All Commodities,1,No Quantity,0,,,,0,,899320312,,,4
H3,2017,2017,2017,0,0,2,Export,28,Antigua and Barbuda,ATG,0,World,WLD,,,,,,,,TOTAL,All Commodities,1,No Quantity,0,,,,0,,62390602,,,0
H3,2017,2017,2017,0,0,2,Export,328,Guyana,GUY,0,World,WLD,,,,,,,,TOTAL,All Commodities,1,No Quantity,0,,,,,,1789689907,,,4
H3,2017,2017,2017,0,0,2,Export,500,Montserrat,MSR,0,World,WLD,,,,,,,,TOTAL,All Commodities,1,No Quantity,0,,,,0,,5985099,,,0
H3,2017,2017,2017,0,0,2,Export,659,Saint Kitts and Nevis,KNA,0,World,WLD,,,,,,,,TOTAL,All Commodities,1,No Quantity,0,,,,0,,33245644,,,4
H3,2017,2017,2017,0,0,2,Export,670,Saint Vincent and the Grenadines,VCT,0,World,WLD,,,,,,,,TOTAL,All Commodities,1,No Quantity,0,,,,0,,42299408,,,4
H3,2017,2017,2017,0,0,2,Export,678,Sao Tome and Principe,STP,0,World,WLD,,,,,,,,TOTAL,All Commodities,1,No Quantity,0,,,,0,,10562590,,,4
H3,2017,2017,2017,0,0,2,Export,690,Seychelles,SYC,0,World,WLD,,,,,,,,TOTAL,All Commodities,1,No Quantity,0,,,,0,,3160513528,,,4
H3,2017,2017,2017,0,0,2,Export,694,Sierra Leone,SLE,0,World,WLD,,,,,,,,TOTAL,All Commodities,1,No Quantity,0,,,,0,,102651588,,,0
H3,2017,2017,2017,0,0,2,Export,740,Suriname,SUR,0,World,WLD,,,,,,,,TOTAL,All Commodities,1,No Quantity,0,,,,0,,2067393726,,,4
H3,2018,2018,2018,0,0,2,Export,28,Antigua and Barbuda,ATG,0,World,WLD,,,,,,,,TOTAL,All Commodities,1,No Quantity,0,,,,0,,25841081,,,0
H3,2018,2018,2018,0,0,2,Export,328,Guyana,GUY,0,World,WLD,,,,,,,,TOTAL,All Commodities,1,No Quantity,0,,,,0,,1379502041,,,4
H3,2018,2018,2018,0,0,2,Export,500,Montserrat,MSR,0,World,WLD,,,,,,,,TOTAL,All Commodities,1,No Quantity,0,,,,0,,5756510,,,0
H3,2018,2018,2018,0,0,2,Export,670,Saint Vincent and the Grenadines,VCT,0,World,WLD,,,,,,,,TOTAL,All Commodities,1,No Quantity,0,,,,0,,43665885,,,4
H3,2018,2018,2018,0,0,2,Export,678,Sao Tome and Principe,STP,0,World,WLD,,,,,,,,TOTAL,All Commodities,1,No Quantity,0,,,,0,,12087302,,,4
H3,2018,2018,2018,0,0,2,Export,740,Suriname,SUR,0,World,WLD,,,,,,,,TOTAL,All Commodities,1,No Quantity,0,,,,0,,2179950584,,,4
H3,2019,2019,2019,0,0,2,Export,28,Antigua and Barbuda,ATG,0,World,WLD,,,,,,,,TOTAL,All Commodities,1,No Quantity,0,,,,0,,37400118,,,4
H3,2019,2019,2019,0,0,2,Export,500,Montserrat,MSR,0,World,WLD,,,,,,,,TOTAL,All Commodities,1,No Quantity,0,,,,0,,5588372,,,4
H3,2019,2019,2019,0,0,2,Export,670,Saint Vincent and the Grenadines,VCT,0,World,WLD,,,,,,,,TOTAL,All Commodities,1,No Quantity,0,,,,0,,38157024,,,4
H3,2019,2019,2019,0,0,2,Export,678,Sao Tome and Principe,STP,0,World,WLD,,,,,,,,TOTAL,All Commodities,1,No Quantity,0,,,,0,,9858888,,,0
H3,2019,2019,2019,0,0,2,Export,740,Suriname,SUR,0,World,WLD,,,,,,,,TOTAL,All Commodities,1,No Quantity,0,,,,0,,2155132556,,,4
H2,2016,2016,2016,0,0,2,Export,4,Afghanistan,AFG,0,World,WLD,,,,,,,,TOTAL,ALL COMMODITIES,1,No Quantity,,,,,,,596455337,,,0
H2,2016,2016,2016,0,0,2,Export,52,Barbados,BRB,0,World,WLD,,,,,,,,TOTAL,ALL COMMODITIES,1,No Quantity,,,,,,,516825882,,,0
H2,2016,2016,2016,0,0,2,Export,368,Iraq,IRQ,0,World,WLD,,,,,,,,TOTAL,ALL COMMODITIES,1,No Quantity,,,,,,,43774017809,,,0
H2,2016,2016,2016,0,0,2,Export,434,Libya,LBY,0,World,WLD,,,,,,,,TOTAL,ALL COMMODITIES,1,No Quantity,0,,,,0,,20135528255,,,4
H2,2016,2016,2016,0,0,2,Export,608,Philippines,PHL,0,World,WLD,,,,,,,,TOTAL,ALL COMMODITIES,1,No Quantity,,,,,,,56312747948,,,0
H2,2017,2017,2017,0,0,2,Export,4,Afghanistan,AFG,0,World,WLD,,,,,,,,TOTAL,ALL COMMODITIES,1,No Quantity,0,,,,0,,831926771,,,4
H2,2017,2017,2017,0,0,2,Export,52,Barbados,BRB,0,World,WLD,,,,,,,,TOTAL,ALL COMMODITIES,1,No Quantity,0,,,,,,485387947,,,0
H2,2017,2017,2017,0,0,2,Export,434,Libya,LBY,0,World,WLD,,,,,,,,TOTAL,ALL COMMODITIES,1,No Quantity,0,,,,,,20135528255,,,4
H2,2017,2017,2017,0,0,2,Export,626,Timor-Leste,TLS,0,World,WLD,,,,,,,,TOTAL,ALL COMMODITIES,1,No Quantity,0,,,,0,,24174262,,,4
H2,2018,2018,2018,0,0,2,Export,52,Barbados,BRB,0,World,WLD,,,,,,,,TOTAL,ALL COMMODITIES,1,No Quantity,0,,,,0,,457709750,,,4
H2,2018,2018,2018,0,0,2,Export,434,Libya,LBY,0,World,WLD,,,,,,,,TOTAL,ALL COMMODITIES,1,No Quantity,0,,,,,,30040892184,,,4
